--------------------------------------------------------
--  파일이 생성됨 - 화요일-10월-21-2025   
--------------------------------------------------------
--------------------------------------------------------
--  DDL for Sequence ADDRESS_SEQ
--------------------------------------------------------

   CREATE SEQUENCE  "GAGI"."ADDRESS_SEQ"  MINVALUE 1 MAXVALUE 9999999999999999999999999999 INCREMENT BY 1 START WITH 22 NOCACHE  NOORDER  NOCYCLE
--------------------------------------------------------
--  DDL for Sequence BOARD_ID_SEQ
--------------------------------------------------------

   CREATE SEQUENCE  "GAGI"."BOARD_ID_SEQ"  MINVALUE 0 MAXVALUE 999 INCREMENT BY 1 START WITH 40 CACHE 20 NOORDER  NOCYCLE
--------------------------------------------------------
--  DDL for Sequence CATEGORIES_SEQ
--------------------------------------------------------

   CREATE SEQUENCE  "GAGI"."CATEGORIES_SEQ"  MINVALUE 1 MAXVALUE 9999999999999999999999999999 INCREMENT BY 1 START WITH 2 NOCACHE  NOORDER  NOCYCLE
--------------------------------------------------------
--  DDL for Sequence DEFECT_REPORTS_SEQ
--------------------------------------------------------

   CREATE SEQUENCE  "GAGI"."DEFECT_REPORTS_SEQ"  MINVALUE 1 MAXVALUE 9999999999999999999999999999 INCREMENT BY 1 START WITH 1 NOCACHE  NOORDER  NOCYCLE
--------------------------------------------------------
--  DDL for Sequence ITEMS_SEQ
--------------------------------------------------------

   CREATE SEQUENCE  "GAGI"."ITEMS_SEQ"  MINVALUE 1 MAXVALUE 9999999999999999999999999999 INCREMENT BY 1 START WITH 80 NOCACHE  NOORDER  NOCYCLE
--------------------------------------------------------
--  DDL for Sequence ITEM_IMAGES_SEQ
--------------------------------------------------------

   CREATE SEQUENCE  "GAGI"."ITEM_IMAGES_SEQ"  MINVALUE 1 MAXVALUE 9999999999999999999999999999 INCREMENT BY 1 START WITH 141 CACHE 20 NOORDER  NOCYCLE
--------------------------------------------------------
--  DDL for Sequence MYCART_SEQ
--------------------------------------------------------

   CREATE SEQUENCE  "GAGI"."MYCART_SEQ"  MINVALUE 1 MAXVALUE 9999999999999999999999999999 INCREMENT BY 1 START WITH 101 CACHE 20 NOORDER  NOCYCLE
--------------------------------------------------------
--  DDL for Sequence NOTICE_SEQ
--------------------------------------------------------

   CREATE SEQUENCE  "GAGI"."NOTICE_SEQ"  MINVALUE 1 MAXVALUE 9999999999999999999999999999 INCREMENT BY 1 START WITH 5 NOCACHE  NOORDER  NOCYCLE
--------------------------------------------------------
--  DDL for Sequence ORDERS_SEQ
--------------------------------------------------------

   CREATE SEQUENCE  "GAGI"."ORDERS_SEQ"  MINVALUE 1 MAXVALUE 9999999999999999999999999999 INCREMENT BY 1 START WITH 26 NOCACHE  NOORDER  NOCYCLE
--------------------------------------------------------
--  DDL for Sequence REPLIES_SEQ
--------------------------------------------------------

   CREATE SEQUENCE  "GAGI"."REPLIES_SEQ"  MINVALUE 1 MAXVALUE 9999999999999999999999999999 INCREMENT BY 1 START WITH 1 NOCACHE  NOORDER  NOCYCLE
--------------------------------------------------------
--  DDL for Sequence REVIEW_SEQ
--------------------------------------------------------

   CREATE SEQUENCE  "GAGI"."REVIEW_SEQ"  MINVALUE 1 MAXVALUE 9999999999999999999999999999 INCREMENT BY 1 START WITH 9 NOCACHE  NOORDER  NOCYCLE
--------------------------------------------------------
--  DDL for Sequence USERS_SEQ
--------------------------------------------------------

   CREATE SEQUENCE  "GAGI"."USERS_SEQ"  MINVALUE 1 MAXVALUE 9999999999999999999999999999 INCREMENT BY 1 START WITH 19 NOCACHE  NOORDER  NOCYCLE
--------------------------------------------------------
--  DDL for Table ACCOUNT_TRANSFERS
--------------------------------------------------------

  CREATE TABLE "GAGI"."ACCOUNT_TRANSFERS" 
   (	"ID" NUMBER, 
	"ORDER_ID" NUMBER NOT NULL ENABLE, 
	"BUYER_ID" NUMBER NOT NULL ENABLE, 
	"SELLER_ID" NUMBER NOT NULL ENABLE, 
	"AMOUNT" NUMBER(10,2) NOT NULL ENABLE, 
	"DEPOSITOR_NAME" VARCHAR2(100) NOT NULL ENABLE, 
	"DEPOSIT_DATE" TIMESTAMP (6) NOT NULL ENABLE, 
	"DEPOSIT_BANK" VARCHAR2(50), 
	"DEPOSIT_MEMO" VARCHAR2(100), 
	"SELLER_BANK" VARCHAR2(50) NOT NULL ENABLE, 
	"SELLER_ACCOUNT" VARCHAR2(50) NOT NULL ENABLE, 
	"SELLER_ACCOUNT_NAME" VARCHAR2(100) NOT NULL ENABLE, 
	"STATUS" VARCHAR2(30) DEFAULT 'awaiting_deposit' NOT NULL ENABLE, 
	"CONFIRMED_BY" NUMBER, 
	"CONFIRMED_AT" TIMESTAMP (6), 
	"CREATED_AT" TIMESTAMP (6) DEFAULT CURRENT_TIMESTAMP, 
	"UPDATED_AT" TIMESTAMP (6) DEFAULT CURRENT_TIMESTAMP, 
	 PRIMARY KEY ("ID")
  USING INDEX PCTFREE 10 INITRANS 2 MAXTRANS 255 COMPUTE STATISTICS 
  STORAGE(INITIAL 65536 NEXT 1048576 MINEXTENTS 1 MAXEXTENTS 2147483645
  PCTINCREASE 0 FREELISTS 1 FREELIST GROUPS 1 BUFFER_POOL DEFAULT FLASH_CACHE DEFAULT CELL_FLASH_CACHE DEFAULT)
  TABLESPACE "SYSTEM"  ENABLE, 
	 UNIQUE ("ORDER_ID")
  USING INDEX PCTFREE 10 INITRANS 2 MAXTRANS 255 COMPUTE STATISTICS 
  STORAGE(INITIAL 65536 NEXT 1048576 MINEXTENTS 1 MAXEXTENTS 2147483645
  PCTINCREASE 0 FREELISTS 1 FREELIST GROUPS 1 BUFFER_POOL DEFAULT FLASH_CACHE DEFAULT CELL_FLASH_CACHE DEFAULT)
  TABLESPACE "SYSTEM"  ENABLE, 
	 CONSTRAINT "FK_AT_BUYER" FOREIGN KEY ("BUYER_ID")
	  REFERENCES "GAGI"."USERS" ("ID") ENABLE, 
	 CONSTRAINT "FK_AT_SELLER" FOREIGN KEY ("SELLER_ID")
	  REFERENCES "GAGI"."USERS" ("ID") ENABLE, 
	 CONSTRAINT "FK_AT_CONFIRMER" FOREIGN KEY ("CONFIRMED_BY")
	  REFERENCES "GAGI"."USERS" ("ID") ENABLE
   ) SEGMENT CREATION IMMEDIATE 
  PCTFREE 10 PCTUSED 40 INITRANS 1 MAXTRANS 255 NOCOMPRESS LOGGING
  STORAGE(INITIAL 65536 NEXT 1048576 MINEXTENTS 1 MAXEXTENTS 2147483645
  PCTINCREASE 0 FREELISTS 1 FREELIST GROUPS 1 BUFFER_POOL DEFAULT FLASH_CACHE DEFAULT CELL_FLASH_CACHE DEFAULT)
  TABLESPACE "SYSTEM" 

   COMMENT ON COLUMN "GAGI"."ACCOUNT_TRANSFERS"."ID" IS '이체 ID'
   COMMENT ON COLUMN "GAGI"."ACCOUNT_TRANSFERS"."ORDER_ID" IS '주문 번호 (1:1 매칭)'
   COMMENT ON COLUMN "GAGI"."ACCOUNT_TRANSFERS"."BUYER_ID" IS '구매자 (FK)'
   COMMENT ON COLUMN "GAGI"."ACCOUNT_TRANSFERS"."SELLER_ID" IS '판매자 (FK)'
   COMMENT ON COLUMN "GAGI"."ACCOUNT_TRANSFERS"."AMOUNT" IS '거래 금액'
   COMMENT ON COLUMN "GAGI"."ACCOUNT_TRANSFERS"."DEPOSITOR_NAME" IS '실제 입금자명'
   COMMENT ON COLUMN "GAGI"."ACCOUNT_TRANSFERS"."DEPOSIT_DATE" IS '입금일'
   COMMENT ON COLUMN "GAGI"."ACCOUNT_TRANSFERS"."DEPOSIT_BANK" IS '입금 은행'
   COMMENT ON COLUMN "GAGI"."ACCOUNT_TRANSFERS"."DEPOSIT_MEMO" IS '입금 메모'
   COMMENT ON COLUMN "GAGI"."ACCOUNT_TRANSFERS"."SELLER_BANK" IS '판매자 은행'
   COMMENT ON COLUMN "GAGI"."ACCOUNT_TRANSFERS"."SELLER_ACCOUNT" IS '판매자 계좌'
   COMMENT ON COLUMN "GAGI"."ACCOUNT_TRANSFERS"."SELLER_ACCOUNT_NAME" IS '판매자 예금주명'
   COMMENT ON COLUMN "GAGI"."ACCOUNT_TRANSFERS"."STATUS" IS '상태'
   COMMENT ON COLUMN "GAGI"."ACCOUNT_TRANSFERS"."CONFIRMED_BY" IS '입금 확인자'
   COMMENT ON COLUMN "GAGI"."ACCOUNT_TRANSFERS"."CONFIRMED_AT" IS '확인 시각'
   COMMENT ON COLUMN "GAGI"."ACCOUNT_TRANSFERS"."CREATED_AT" IS '생성일'
   COMMENT ON COLUMN "GAGI"."ACCOUNT_TRANSFERS"."UPDATED_AT" IS '수정일'
   COMMENT ON TABLE "GAGI"."ACCOUNT_TRANSFERS"  IS '입출금/정산 기록'
--------------------------------------------------------
--  DDL for Table ADDRESS
--------------------------------------------------------

  CREATE TABLE "GAGI"."ADDRESS" 
   (	"ADDRESS_ID" NUMBER NOT NULL ENABLE, 
	"ZIP_CODE" VARCHAR2(5) NOT NULL ENABLE, 
	"ADDRESS" VARCHAR2(200) NOT NULL ENABLE, 
	"ADDRESS_DETAIL" VARCHAR2(50), 
	"IS_DEFAULT" CHAR(1) DEFAULT 'N', 
	"USER_ID" NUMBER, 
	"DELEVERY_NAME" VARCHAR2(10) NOT NULL ENABLE, 
	"DELEVERY_PICKUP" VARCHAR2(10), 
	"PHONE" VARCHAR2(20) NOT NULL ENABLE, 
	 CONSTRAINT "ADDRESS_PK" PRIMARY KEY ("ADDRESS_ID")
  USING INDEX PCTFREE 10 INITRANS 2 MAXTRANS 255 COMPUTE STATISTICS 
  STORAGE(INITIAL 65536 NEXT 1048576 MINEXTENTS 1 MAXEXTENTS 2147483645
  PCTINCREASE 0 FREELISTS 1 FREELIST GROUPS 1 BUFFER_POOL DEFAULT FLASH_CACHE DEFAULT CELL_FLASH_CACHE DEFAULT)
  TABLESPACE "SYSTEM"  ENABLE, 
	 CONSTRAINT "ADDRESS_ID" FOREIGN KEY ("USER_ID")
	  REFERENCES "GAGI"."USERS" ("ID") ENABLE
   ) SEGMENT CREATION IMMEDIATE 
  PCTFREE 10 PCTUSED 40 INITRANS 1 MAXTRANS 255 NOCOMPRESS LOGGING
  STORAGE(INITIAL 65536 NEXT 1048576 MINEXTENTS 1 MAXEXTENTS 2147483645
  PCTINCREASE 0 FREELISTS 1 FREELIST GROUPS 1 BUFFER_POOL DEFAULT FLASH_CACHE DEFAULT CELL_FLASH_CACHE DEFAULT)
  TABLESPACE "SYSTEM" 

   COMMENT ON COLUMN "GAGI"."ADDRESS"."ADDRESS_ID" IS '주소번호'
   COMMENT ON COLUMN "GAGI"."ADDRESS"."ZIP_CODE" IS '우편번호'
   COMMENT ON COLUMN "GAGI"."ADDRESS"."ADDRESS" IS '주소'
   COMMENT ON COLUMN "GAGI"."ADDRESS"."ADDRESS_DETAIL" IS '상세주소'
   COMMENT ON COLUMN "GAGI"."ADDRESS"."IS_DEFAULT" IS '기본배송지여부'
   COMMENT ON COLUMN "GAGI"."ADDRESS"."DELEVERY_NAME" IS '수령자명'
   COMMENT ON COLUMN "GAGI"."ADDRESS"."DELEVERY_PICKUP" IS '수령지'
   COMMENT ON COLUMN "GAGI"."ADDRESS"."PHONE" IS '전화번호'
--------------------------------------------------------
--  DDL for Table CATEGORIES
--------------------------------------------------------

  CREATE TABLE "GAGI"."CATEGORIES" 
   (	"CATEGORY_ID" NUMBER, 
	"NAME" VARCHAR2(100) NOT NULL ENABLE, 
	"CREATED_DT" TIMESTAMP (6) DEFAULT CURRENT_DATE, 
	"UPDATED_DT" TIMESTAMP (6) DEFAULT CURRENT_TIMESTAMP, 
	 PRIMARY KEY ("CATEGORY_ID")
  USING INDEX PCTFREE 10 INITRANS 2 MAXTRANS 255 COMPUTE STATISTICS 
  STORAGE(INITIAL 65536 NEXT 1048576 MINEXTENTS 1 MAXEXTENTS 2147483645
  PCTINCREASE 0 FREELISTS 1 FREELIST GROUPS 1 BUFFER_POOL DEFAULT FLASH_CACHE DEFAULT CELL_FLASH_CACHE DEFAULT)
  TABLESPACE "SYSTEM"  ENABLE, 
	 UNIQUE ("NAME")
  USING INDEX PCTFREE 10 INITRANS 2 MAXTRANS 255 COMPUTE STATISTICS 
  STORAGE(INITIAL 65536 NEXT 1048576 MINEXTENTS 1 MAXEXTENTS 2147483645
  PCTINCREASE 0 FREELISTS 1 FREELIST GROUPS 1 BUFFER_POOL DEFAULT FLASH_CACHE DEFAULT CELL_FLASH_CACHE DEFAULT)
  TABLESPACE "SYSTEM"  ENABLE
   ) SEGMENT CREATION IMMEDIATE 
  PCTFREE 10 PCTUSED 40 INITRANS 1 MAXTRANS 255 NOCOMPRESS LOGGING
  STORAGE(INITIAL 65536 NEXT 1048576 MINEXTENTS 1 MAXEXTENTS 2147483645
  PCTINCREASE 0 FREELISTS 1 FREELIST GROUPS 1 BUFFER_POOL DEFAULT FLASH_CACHE DEFAULT CELL_FLASH_CACHE DEFAULT)
  TABLESPACE "SYSTEM" 

   COMMENT ON COLUMN "GAGI"."CATEGORIES"."CATEGORY_ID" IS '카테고리 번호'
   COMMENT ON COLUMN "GAGI"."CATEGORIES"."NAME" IS '카테고리 이름'
   COMMENT ON COLUMN "GAGI"."CATEGORIES"."CREATED_DT" IS '생성일'
   COMMENT ON COLUMN "GAGI"."CATEGORIES"."UPDATED_DT" IS '수정일'
--------------------------------------------------------
--  DDL for Table CHAT_MESSAGES
--------------------------------------------------------

  CREATE TABLE "GAGI"."CHAT_MESSAGES" 
   (	"ID" NUMBER, 
	"ROOM_ID" NUMBER NOT NULL ENABLE, 
	"SENDER_ID" NUMBER NOT NULL ENABLE, 
	"MESSAGE" VARCHAR2(2000) NOT NULL ENABLE, 
	"SENT_AT" TIMESTAMP (6) DEFAULT CURRENT_TIMESTAMP, 
	"READ_AT" TIMESTAMP (6), 
	"CREATED_AT" TIMESTAMP (6) DEFAULT CURRENT_TIMESTAMP, 
	 PRIMARY KEY ("ID")
  USING INDEX PCTFREE 10 INITRANS 2 MAXTRANS 255 COMPUTE STATISTICS 
  STORAGE(INITIAL 65536 NEXT 1048576 MINEXTENTS 1 MAXEXTENTS 2147483645
  PCTINCREASE 0 FREELISTS 1 FREELIST GROUPS 1 BUFFER_POOL DEFAULT FLASH_CACHE DEFAULT CELL_FLASH_CACHE DEFAULT)
  TABLESPACE "SYSTEM"  ENABLE, 
	 CONSTRAINT "FK_CM_ROOM" FOREIGN KEY ("ROOM_ID")
	  REFERENCES "GAGI"."CHAT_ROOMS" ("ID") ENABLE, 
	 CONSTRAINT "FK_CM_SENDER" FOREIGN KEY ("SENDER_ID")
	  REFERENCES "GAGI"."USERS" ("ID") ENABLE
   ) SEGMENT CREATION IMMEDIATE 
  PCTFREE 10 PCTUSED 40 INITRANS 1 MAXTRANS 255 NOCOMPRESS LOGGING
  STORAGE(INITIAL 65536 NEXT 1048576 MINEXTENTS 1 MAXEXTENTS 2147483645
  PCTINCREASE 0 FREELISTS 1 FREELIST GROUPS 1 BUFFER_POOL DEFAULT FLASH_CACHE DEFAULT CELL_FLASH_CACHE DEFAULT)
  TABLESPACE "SYSTEM" 

   COMMENT ON COLUMN "GAGI"."CHAT_MESSAGES"."ID" IS '메시지 ID'
   COMMENT ON COLUMN "GAGI"."CHAT_MESSAGES"."ROOM_ID" IS '채팅방 ID (FK)'
   COMMENT ON COLUMN "GAGI"."CHAT_MESSAGES"."SENDER_ID" IS '발신자 ID (FK)'
   COMMENT ON COLUMN "GAGI"."CHAT_MESSAGES"."MESSAGE" IS '메시지 내용'
   COMMENT ON COLUMN "GAGI"."CHAT_MESSAGES"."SENT_AT" IS '전송 시각'
   COMMENT ON COLUMN "GAGI"."CHAT_MESSAGES"."READ_AT" IS '읽은 시각'
   COMMENT ON COLUMN "GAGI"."CHAT_MESSAGES"."CREATED_AT" IS '생성일'
   COMMENT ON TABLE "GAGI"."CHAT_MESSAGES"  IS '채팅 메시지'
--------------------------------------------------------
--  DDL for Table CHAT_PARTICIPANTS
--------------------------------------------------------

  CREATE TABLE "GAGI"."CHAT_PARTICIPANTS" 
   (	"ID" NUMBER, 
	"ROOM_ID" NUMBER NOT NULL ENABLE, 
	"USER_ID" NUMBER NOT NULL ENABLE, 
	"JOINED_AT" TIMESTAMP (6) DEFAULT CURRENT_TIMESTAMP, 
	"LAST_READ_AT" TIMESTAMP (6), 
	"CREATED_AT" TIMESTAMP (6) DEFAULT CURRENT_TIMESTAMP, 
	"UPDATED_AT" TIMESTAMP (6) DEFAULT CURRENT_TIMESTAMP, 
	 PRIMARY KEY ("ID")
  USING INDEX PCTFREE 10 INITRANS 2 MAXTRANS 255 COMPUTE STATISTICS 
  STORAGE(INITIAL 65536 NEXT 1048576 MINEXTENTS 1 MAXEXTENTS 2147483645
  PCTINCREASE 0 FREELISTS 1 FREELIST GROUPS 1 BUFFER_POOL DEFAULT FLASH_CACHE DEFAULT CELL_FLASH_CACHE DEFAULT)
  TABLESPACE "SYSTEM"  ENABLE, 
	 CONSTRAINT "FK_CP_ROOM" FOREIGN KEY ("ROOM_ID")
	  REFERENCES "GAGI"."CHAT_ROOMS" ("ID") ENABLE, 
	 CONSTRAINT "FK_CP_USER" FOREIGN KEY ("USER_ID")
	  REFERENCES "GAGI"."USERS" ("ID") ENABLE
   ) SEGMENT CREATION IMMEDIATE 
  PCTFREE 10 PCTUSED 40 INITRANS 1 MAXTRANS 255 NOCOMPRESS LOGGING
  STORAGE(INITIAL 65536 NEXT 1048576 MINEXTENTS 1 MAXEXTENTS 2147483645
  PCTINCREASE 0 FREELISTS 1 FREELIST GROUPS 1 BUFFER_POOL DEFAULT FLASH_CACHE DEFAULT CELL_FLASH_CACHE DEFAULT)
  TABLESPACE "SYSTEM" 

   COMMENT ON COLUMN "GAGI"."CHAT_PARTICIPANTS"."ID" IS '참여 ID'
   COMMENT ON COLUMN "GAGI"."CHAT_PARTICIPANTS"."ROOM_ID" IS '채팅방 ID (FK)'
   COMMENT ON COLUMN "GAGI"."CHAT_PARTICIPANTS"."USER_ID" IS '회원 ID (FK)'
   COMMENT ON COLUMN "GAGI"."CHAT_PARTICIPANTS"."JOINED_AT" IS '참여일'
   COMMENT ON COLUMN "GAGI"."CHAT_PARTICIPANTS"."LAST_READ_AT" IS '마지막 읽은 시각'
   COMMENT ON COLUMN "GAGI"."CHAT_PARTICIPANTS"."CREATED_AT" IS '생성일'
   COMMENT ON COLUMN "GAGI"."CHAT_PARTICIPANTS"."UPDATED_AT" IS '수정일'
   COMMENT ON TABLE "GAGI"."CHAT_PARTICIPANTS"  IS '채팅방 참여자'
--------------------------------------------------------
--  DDL for Table CHAT_ROOMS
--------------------------------------------------------

  CREATE TABLE "GAGI"."CHAT_ROOMS" 
   (	"ID" NUMBER, 
	"ITEM_ID" NUMBER, 
	"CREATOR_USER_ID" NUMBER, 
	"CREATED_AT" TIMESTAMP (6) DEFAULT CURRENT_TIMESTAMP, 
	"UPDATED_AT" TIMESTAMP (6) DEFAULT CURRENT_TIMESTAMP, 
	 PRIMARY KEY ("ID")
  USING INDEX PCTFREE 10 INITRANS 2 MAXTRANS 255 COMPUTE STATISTICS 
  STORAGE(INITIAL 65536 NEXT 1048576 MINEXTENTS 1 MAXEXTENTS 2147483645
  PCTINCREASE 0 FREELISTS 1 FREELIST GROUPS 1 BUFFER_POOL DEFAULT FLASH_CACHE DEFAULT CELL_FLASH_CACHE DEFAULT)
  TABLESPACE "SYSTEM"  ENABLE, 
	 CONSTRAINT "FK_CR_USER" FOREIGN KEY ("CREATOR_USER_ID")
	  REFERENCES "GAGI"."USERS" ("ID") ENABLE, 
	 CONSTRAINT "FK_CR_ITEM" FOREIGN KEY ("ITEM_ID")
	  REFERENCES "GAGI"."ITEMS" ("ID") ON DELETE CASCADE ENABLE
   ) SEGMENT CREATION IMMEDIATE 
  PCTFREE 10 PCTUSED 40 INITRANS 1 MAXTRANS 255 NOCOMPRESS LOGGING
  STORAGE(INITIAL 65536 NEXT 1048576 MINEXTENTS 1 MAXEXTENTS 2147483645
  PCTINCREASE 0 FREELISTS 1 FREELIST GROUPS 1 BUFFER_POOL DEFAULT FLASH_CACHE DEFAULT CELL_FLASH_CACHE DEFAULT)
  TABLESPACE "SYSTEM" 

   COMMENT ON COLUMN "GAGI"."CHAT_ROOMS"."ID" IS '채팅방 ID'
   COMMENT ON COLUMN "GAGI"."CHAT_ROOMS"."ITEM_ID" IS '상품 ID (FK)'
   COMMENT ON COLUMN "GAGI"."CHAT_ROOMS"."CREATOR_USER_ID" IS '방 생성자 (FK)'
   COMMENT ON COLUMN "GAGI"."CHAT_ROOMS"."CREATED_AT" IS '생성일'
   COMMENT ON COLUMN "GAGI"."CHAT_ROOMS"."UPDATED_AT" IS '수정일'
   COMMENT ON TABLE "GAGI"."CHAT_ROOMS"  IS '채팅방'
--------------------------------------------------------
--  DDL for Table INQUIRIES
--------------------------------------------------------

  CREATE TABLE "GAGI"."INQUIRIES" 
   (	"ID" NUMBER, 
	"USER_ID" NUMBER NOT NULL ENABLE, 
	"RESPONDER_ID" NUMBER, 
	"CATEGORY" VARCHAR2(50), 
	"SUBJECT" VARCHAR2(200) NOT NULL ENABLE, 
	"MESSAGE" VARCHAR2(2000) NOT NULL ENABLE, 
	"STATUS" VARCHAR2(20) DEFAULT 'open' NOT NULL ENABLE, 
	"CREATED_AT" TIMESTAMP (6) DEFAULT CURRENT_TIMESTAMP, 
	"RESPONDED_AT" TIMESTAMP (6), 
	"UPDATED_AT" TIMESTAMP (6) DEFAULT CURRENT_TIMESTAMP, 
	 PRIMARY KEY ("ID")
  USING INDEX PCTFREE 10 INITRANS 2 MAXTRANS 255 COMPUTE STATISTICS 
  STORAGE(INITIAL 65536 NEXT 1048576 MINEXTENTS 1 MAXEXTENTS 2147483645
  PCTINCREASE 0 FREELISTS 1 FREELIST GROUPS 1 BUFFER_POOL DEFAULT FLASH_CACHE DEFAULT CELL_FLASH_CACHE DEFAULT)
  TABLESPACE "SYSTEM"  ENABLE, 
	 CONSTRAINT "FK_INQ_USER" FOREIGN KEY ("USER_ID")
	  REFERENCES "GAGI"."USERS" ("ID") ENABLE, 
	 CONSTRAINT "FK_INQ_RESP" FOREIGN KEY ("RESPONDER_ID")
	  REFERENCES "GAGI"."USERS" ("ID") ENABLE
   ) SEGMENT CREATION IMMEDIATE 
  PCTFREE 10 PCTUSED 40 INITRANS 1 MAXTRANS 255 NOCOMPRESS LOGGING
  STORAGE(INITIAL 65536 NEXT 1048576 MINEXTENTS 1 MAXEXTENTS 2147483645
  PCTINCREASE 0 FREELISTS 1 FREELIST GROUPS 1 BUFFER_POOL DEFAULT FLASH_CACHE DEFAULT CELL_FLASH_CACHE DEFAULT)
  TABLESPACE "SYSTEM" 

   COMMENT ON COLUMN "GAGI"."INQUIRIES"."ID" IS '문의 ID'
   COMMENT ON COLUMN "GAGI"."INQUIRIES"."USER_ID" IS '문의자 (FK)'
   COMMENT ON COLUMN "GAGI"."INQUIRIES"."RESPONDER_ID" IS '응답자 (관리자, FK)'
   COMMENT ON COLUMN "GAGI"."INQUIRIES"."CATEGORY" IS '문의 카테고리'
   COMMENT ON COLUMN "GAGI"."INQUIRIES"."SUBJECT" IS '제목'
   COMMENT ON COLUMN "GAGI"."INQUIRIES"."MESSAGE" IS '내용'
   COMMENT ON COLUMN "GAGI"."INQUIRIES"."STATUS" IS '상태(open, closed 등)'
   COMMENT ON COLUMN "GAGI"."INQUIRIES"."CREATED_AT" IS '생성일'
   COMMENT ON COLUMN "GAGI"."INQUIRIES"."RESPONDED_AT" IS '응답일'
   COMMENT ON COLUMN "GAGI"."INQUIRIES"."UPDATED_AT" IS '수정일'
   COMMENT ON TABLE "GAGI"."INQUIRIES"  IS '1:1 문의'
--------------------------------------------------------
--  DDL for Table ITEMS
--------------------------------------------------------

  CREATE TABLE "GAGI"."ITEMS" 
   (	"ID" NUMBER, 
	"USER_ID" NUMBER NOT NULL ENABLE, 
	"CATEGORY_ID" NUMBER, 
	"TITLE" VARCHAR2(200) NOT NULL ENABLE, 
	"DESCRIPTION" VARCHAR2(2000), 
	"DELIVERY" VARCHAR2(200), 
	"IS_DIRECT_DEAL" CHAR(1) DEFAULT 'N', 
	"PRICE" NUMBER(10,2) NOT NULL ENABLE, 
	"AMOUNT" NUMBER DEFAULT 0 NOT NULL ENABLE, 
	"BANK_ACCOUNT_NUMBER" VARCHAR2(50), 
	"SALES_STATUS" VARCHAR2(20) DEFAULT 'available' NOT NULL ENABLE, 
	"VIEWS" NUMBER DEFAULT 0, 
	"CREATED_AT" TIMESTAMP (6) DEFAULT CURRENT_TIMESTAMP, 
	"UPDATED_AT" TIMESTAMP (6) DEFAULT CURRENT_TIMESTAMP, 
	"DELETED_AT" TIMESTAMP (6), 
	"IS_DELETE" CHAR(1) DEFAULT 'N' NOT NULL ENABLE, 
	 CONSTRAINT "PK_ITEMS_ID" PRIMARY KEY ("ID")
  USING INDEX PCTFREE 10 INITRANS 2 MAXTRANS 255 COMPUTE STATISTICS 
  STORAGE(INITIAL 65536 NEXT 1048576 MINEXTENTS 1 MAXEXTENTS 2147483645
  PCTINCREASE 0 FREELISTS 1 FREELIST GROUPS 1 BUFFER_POOL DEFAULT FLASH_CACHE DEFAULT CELL_FLASH_CACHE DEFAULT)
  TABLESPACE "SYSTEM"  ENABLE, 
	 CONSTRAINT "FK_ITEMS_USER" FOREIGN KEY ("USER_ID")
	  REFERENCES "GAGI"."USERS" ("ID") ENABLE, 
	 CONSTRAINT "FK_ITEMS_CATEGORY_ID" FOREIGN KEY ("CATEGORY_ID")
	  REFERENCES "GAGI"."CATEGORIES" ("CATEGORY_ID") ENABLE
   ) SEGMENT CREATION IMMEDIATE 
  PCTFREE 10 PCTUSED 40 INITRANS 1 MAXTRANS 255 NOCOMPRESS LOGGING
  STORAGE(INITIAL 65536 NEXT 1048576 MINEXTENTS 1 MAXEXTENTS 2147483645
  PCTINCREASE 0 FREELISTS 1 FREELIST GROUPS 1 BUFFER_POOL DEFAULT FLASH_CACHE DEFAULT CELL_FLASH_CACHE DEFAULT)
  TABLESPACE "SYSTEM" 

   COMMENT ON COLUMN "GAGI"."ITEMS"."ID" IS '상품 번호'
   COMMENT ON COLUMN "GAGI"."ITEMS"."USER_ID" IS '등록한 회원 번호 (FK)'
   COMMENT ON COLUMN "GAGI"."ITEMS"."CATEGORY_ID" IS '카테고리 번호 (FK)'
   COMMENT ON COLUMN "GAGI"."ITEMS"."TITLE" IS '상품 제목'
   COMMENT ON COLUMN "GAGI"."ITEMS"."DESCRIPTION" IS '상품 설명'
   COMMENT ON COLUMN "GAGI"."ITEMS"."DELIVERY" IS '거래 지역/주소'
   COMMENT ON COLUMN "GAGI"."ITEMS"."IS_DIRECT_DEAL" IS '직거래 가능 여부 (Y/N)'
   COMMENT ON COLUMN "GAGI"."ITEMS"."PRICE" IS '판매 가격'
   COMMENT ON COLUMN "GAGI"."ITEMS"."AMOUNT" IS '수량'
   COMMENT ON COLUMN "GAGI"."ITEMS"."BANK_ACCOUNT_NUMBER" IS '판매자 계좌번호'
   COMMENT ON COLUMN "GAGI"."ITEMS"."SALES_STATUS" IS '판매 상태'
   COMMENT ON COLUMN "GAGI"."ITEMS"."VIEWS" IS '조회수'
   COMMENT ON COLUMN "GAGI"."ITEMS"."CREATED_AT" IS '생성일'
   COMMENT ON COLUMN "GAGI"."ITEMS"."UPDATED_AT" IS '수정일'
   COMMENT ON COLUMN "GAGI"."ITEMS"."DELETED_AT" IS '삭제일 (soft delete)'
   COMMENT ON COLUMN "GAGI"."ITEMS"."IS_DELETE" IS '삭제여부'
   COMMENT ON TABLE "GAGI"."ITEMS"  IS '상품 정보 테이블'
--------------------------------------------------------
--  DDL for Table ITEM_IMAGES
--------------------------------------------------------

  CREATE TABLE "GAGI"."ITEM_IMAGES" 
   (	"ID" NUMBER, 
	"ITEM_ID" NUMBER NOT NULL ENABLE, 
	"IMAGE_URL" VARCHAR2(500), 
	"SORT_ORDER" NUMBER DEFAULT 0, 
	"CREATED_AT" TIMESTAMP (6) DEFAULT CURRENT_TIMESTAMP, 
	"UPDATED_AT" TIMESTAMP (6) DEFAULT CURRENT_TIMESTAMP, 
	"FILENAME" VARCHAR2(256) NOT NULL ENABLE, 
	"UUID" VARCHAR2(100), 
	 PRIMARY KEY ("ID")
  USING INDEX PCTFREE 10 INITRANS 2 MAXTRANS 255 COMPUTE STATISTICS 
  STORAGE(INITIAL 65536 NEXT 1048576 MINEXTENTS 1 MAXEXTENTS 2147483645
  PCTINCREASE 0 FREELISTS 1 FREELIST GROUPS 1 BUFFER_POOL DEFAULT FLASH_CACHE DEFAULT CELL_FLASH_CACHE DEFAULT)
  TABLESPACE "SYSTEM"  ENABLE, 
	 CONSTRAINT "FK_ITEM_IMG" FOREIGN KEY ("ITEM_ID")
	  REFERENCES "GAGI"."ITEMS" ("ID") ON DELETE CASCADE ENABLE
   ) SEGMENT CREATION IMMEDIATE 
  PCTFREE 10 PCTUSED 40 INITRANS 1 MAXTRANS 255 NOCOMPRESS LOGGING
  STORAGE(INITIAL 65536 NEXT 1048576 MINEXTENTS 1 MAXEXTENTS 2147483645
  PCTINCREASE 0 FREELISTS 1 FREELIST GROUPS 1 BUFFER_POOL DEFAULT FLASH_CACHE DEFAULT CELL_FLASH_CACHE DEFAULT)
  TABLESPACE "SYSTEM" 

   COMMENT ON COLUMN "GAGI"."ITEM_IMAGES"."ID" IS '이미지 ID'
   COMMENT ON COLUMN "GAGI"."ITEM_IMAGES"."ITEM_ID" IS '상품 ID (FK)'
   COMMENT ON COLUMN "GAGI"."ITEM_IMAGES"."IMAGE_URL" IS '이미지 경로'
   COMMENT ON COLUMN "GAGI"."ITEM_IMAGES"."SORT_ORDER" IS '정렬 순서'
   COMMENT ON COLUMN "GAGI"."ITEM_IMAGES"."CREATED_AT" IS '생성일'
   COMMENT ON COLUMN "GAGI"."ITEM_IMAGES"."UPDATED_AT" IS '수정일'
   COMMENT ON COLUMN "GAGI"."ITEM_IMAGES"."FILENAME" IS '파일명'
   COMMENT ON COLUMN "GAGI"."ITEM_IMAGES"."UUID" IS 'UUID'
   COMMENT ON TABLE "GAGI"."ITEM_IMAGES"  IS '상품 이미지'
--------------------------------------------------------
--  DDL for Table MYCART
--------------------------------------------------------

  CREATE TABLE "GAGI"."MYCART" 
   (	"ID" NUMBER, 
	"USER_ID" NUMBER NOT NULL ENABLE, 
	"ITEM_ID" NUMBER NOT NULL ENABLE, 
	"QUANTITY" NUMBER DEFAULT 1 NOT NULL ENABLE, 
	"CREATED_AT" TIMESTAMP (6) DEFAULT CURRENT_TIMESTAMP, 
	"UPDATED_AT" TIMESTAMP (6) DEFAULT CURRENT_TIMESTAMP, 
	 PRIMARY KEY ("ID")
  USING INDEX PCTFREE 10 INITRANS 2 MAXTRANS 255 COMPUTE STATISTICS 
  STORAGE(INITIAL 65536 NEXT 1048576 MINEXTENTS 1 MAXEXTENTS 2147483645
  PCTINCREASE 0 FREELISTS 1 FREELIST GROUPS 1 BUFFER_POOL DEFAULT FLASH_CACHE DEFAULT CELL_FLASH_CACHE DEFAULT)
  TABLESPACE "SYSTEM"  ENABLE, 
	 CONSTRAINT "UK_CART_USER_ITEM" UNIQUE ("USER_ID", "ITEM_ID")
  USING INDEX PCTFREE 10 INITRANS 2 MAXTRANS 255 COMPUTE STATISTICS 
  STORAGE(INITIAL 65536 NEXT 1048576 MINEXTENTS 1 MAXEXTENTS 2147483645
  PCTINCREASE 0 FREELISTS 1 FREELIST GROUPS 1 BUFFER_POOL DEFAULT FLASH_CACHE DEFAULT CELL_FLASH_CACHE DEFAULT)
  TABLESPACE "SYSTEM"  ENABLE, 
	 CONSTRAINT "FK_CART_USER" FOREIGN KEY ("USER_ID")
	  REFERENCES "GAGI"."USERS" ("ID") ENABLE, 
	 CONSTRAINT "FK_CART_ITEM" FOREIGN KEY ("ITEM_ID")
	  REFERENCES "GAGI"."ITEMS" ("ID") ON DELETE CASCADE ENABLE
   ) SEGMENT CREATION IMMEDIATE 
  PCTFREE 10 PCTUSED 40 INITRANS 1 MAXTRANS 255 NOCOMPRESS LOGGING
  STORAGE(INITIAL 65536 NEXT 1048576 MINEXTENTS 1 MAXEXTENTS 2147483645
  PCTINCREASE 0 FREELISTS 1 FREELIST GROUPS 1 BUFFER_POOL DEFAULT FLASH_CACHE DEFAULT CELL_FLASH_CACHE DEFAULT)
  TABLESPACE "SYSTEM"
--------------------------------------------------------
--  DDL for Table NOTICES
--------------------------------------------------------

  CREATE TABLE "GAGI"."NOTICES" 
   (	"ID" NUMBER, 
	"TITLE" VARCHAR2(200) NOT NULL ENABLE, 
	"CONTENT" VARCHAR2(2000) NOT NULL ENABLE, 
	"VISIBLE" CHAR(1) DEFAULT 'Y', 
	"POSTED_AT" TIMESTAMP (6) DEFAULT CURRENT_TIMESTAMP, 
	"EXPIRES_AT" TIMESTAMP (6), 
	"ADMIN_ID" NUMBER, 
	"CREATED_AT" TIMESTAMP (6) DEFAULT CURRENT_TIMESTAMP, 
	"UPDATED_AT" TIMESTAMP (6) DEFAULT CURRENT_TIMESTAMP, 
	 PRIMARY KEY ("ID")
  USING INDEX PCTFREE 10 INITRANS 2 MAXTRANS 255 COMPUTE STATISTICS 
  STORAGE(INITIAL 65536 NEXT 1048576 MINEXTENTS 1 MAXEXTENTS 2147483645
  PCTINCREASE 0 FREELISTS 1 FREELIST GROUPS 1 BUFFER_POOL DEFAULT FLASH_CACHE DEFAULT CELL_FLASH_CACHE DEFAULT)
  TABLESPACE "SYSTEM"  ENABLE
   ) SEGMENT CREATION IMMEDIATE 
  PCTFREE 10 PCTUSED 40 INITRANS 1 MAXTRANS 255 NOCOMPRESS LOGGING
  STORAGE(INITIAL 65536 NEXT 1048576 MINEXTENTS 1 MAXEXTENTS 2147483645
  PCTINCREASE 0 FREELISTS 1 FREELIST GROUPS 1 BUFFER_POOL DEFAULT FLASH_CACHE DEFAULT CELL_FLASH_CACHE DEFAULT)
  TABLESPACE "SYSTEM" 

   COMMENT ON COLUMN "GAGI"."NOTICES"."ID" IS '공지 ID'
   COMMENT ON COLUMN "GAGI"."NOTICES"."TITLE" IS '제목'
   COMMENT ON COLUMN "GAGI"."NOTICES"."CONTENT" IS '내용'
   COMMENT ON COLUMN "GAGI"."NOTICES"."VISIBLE" IS '노출 여부'
   COMMENT ON COLUMN "GAGI"."NOTICES"."POSTED_AT" IS '게시일'
   COMMENT ON COLUMN "GAGI"."NOTICES"."EXPIRES_AT" IS '만료일'
   COMMENT ON COLUMN "GAGI"."NOTICES"."ADMIN_ID" IS '작성자 (FK)'
   COMMENT ON COLUMN "GAGI"."NOTICES"."CREATED_AT" IS '생성일'
   COMMENT ON COLUMN "GAGI"."NOTICES"."UPDATED_AT" IS '수정일'
   COMMENT ON TABLE "GAGI"."NOTICES"  IS '공지사항'
--------------------------------------------------------
--  DDL for Table ORDERS
--------------------------------------------------------

  CREATE TABLE "GAGI"."ORDERS" 
   (	"ID" NUMBER NOT NULL ENABLE, 
	"USER_ID" NUMBER NOT NULL ENABLE, 
	"ITEM_ID" NUMBER, 
	"PRICE" NUMBER(10,2), 
	"AMOUNT" NUMBER, 
	"TOTAL_PRICE" NUMBER(10,2) NOT NULL ENABLE, 
	"TRANSACTION_TYPE" VARCHAR2(20) DEFAULT '배송' NOT NULL ENABLE, 
	"PAYMENT_METHOD" VARCHAR2(50), 
	"RECIPIENT_NAME" VARCHAR2(100), 
	"RECIPIENT_PHONE" VARCHAR2(20), 
	"DELIVERY_ZIPCODE" VARCHAR2(20), 
	"DELIVERY_ADDRESS_MAIN" VARCHAR2(255), 
	"DELIVERY_ADDRESS_DETAIL" VARCHAR2(255), 
	"DELIVERY_MEMO" VARCHAR2(500), 
	"CREATED_AT" TIMESTAMP (6) DEFAULT CURRENT_TIMESTAMP, 
	"UPDATED_AT" TIMESTAMP (6) DEFAULT CURRENT_TIMESTAMP, 
	"ORDER_STATUS" VARCHAR2(20), 
	 CONSTRAINT "PK_ORDERS_NEW" PRIMARY KEY ("ID")
  USING INDEX PCTFREE 10 INITRANS 2 MAXTRANS 255 COMPUTE STATISTICS 
  STORAGE(INITIAL 65536 NEXT 1048576 MINEXTENTS 1 MAXEXTENTS 2147483645
  PCTINCREASE 0 FREELISTS 1 FREELIST GROUPS 1 BUFFER_POOL DEFAULT FLASH_CACHE DEFAULT CELL_FLASH_CACHE DEFAULT)
  TABLESPACE "SYSTEM"  ENABLE, 
	 CONSTRAINT "FK_ITEM_ORDER" FOREIGN KEY ("ITEM_ID")
	  REFERENCES "GAGI"."ITEMS" ("ID") ON DELETE CASCADE ENABLE
   ) SEGMENT CREATION IMMEDIATE 
  PCTFREE 10 PCTUSED 40 INITRANS 1 MAXTRANS 255 NOCOMPRESS LOGGING
  STORAGE(INITIAL 65536 NEXT 1048576 MINEXTENTS 1 MAXEXTENTS 2147483645
  PCTINCREASE 0 FREELISTS 1 FREELIST GROUPS 1 BUFFER_POOL DEFAULT FLASH_CACHE DEFAULT CELL_FLASH_CACHE DEFAULT)
  TABLESPACE "SYSTEM" 

   COMMENT ON COLUMN "GAGI"."ORDERS"."ID" IS '주문PK'
   COMMENT ON COLUMN "GAGI"."ORDERS"."USER_ID" IS '주문자 (FK)'
   COMMENT ON COLUMN "GAGI"."ORDERS"."ITEM_ID" IS '상품 ID (FK)'
   COMMENT ON COLUMN "GAGI"."ORDERS"."PRICE" IS '상품 단가'
   COMMENT ON COLUMN "GAGI"."ORDERS"."AMOUNT" IS '주문 수량'
   COMMENT ON COLUMN "GAGI"."ORDERS"."TOTAL_PRICE" IS '총 주문 금액'
   COMMENT ON COLUMN "GAGI"."ORDERS"."TRANSACTION_TYPE" IS '거래유형 (배송/직거래)'
   COMMENT ON COLUMN "GAGI"."ORDERS"."PAYMENT_METHOD" IS '결제 수단'
   COMMENT ON COLUMN "GAGI"."ORDERS"."RECIPIENT_NAME" IS '수령인 이름'
   COMMENT ON COLUMN "GAGI"."ORDERS"."RECIPIENT_PHONE" IS '수령인 연락처'
   COMMENT ON COLUMN "GAGI"."ORDERS"."DELIVERY_ZIPCODE" IS '배송지 우편번호'
   COMMENT ON COLUMN "GAGI"."ORDERS"."DELIVERY_ADDRESS_MAIN" IS '배송지 주소(기본)'
   COMMENT ON COLUMN "GAGI"."ORDERS"."DELIVERY_ADDRESS_DETAIL" IS '배송지 주소(상세)'
   COMMENT ON COLUMN "GAGI"."ORDERS"."DELIVERY_MEMO" IS '배송 요청사항'
   COMMENT ON COLUMN "GAGI"."ORDERS"."CREATED_AT" IS '생성일'
   COMMENT ON COLUMN "GAGI"."ORDERS"."UPDATED_AT" IS '수정일'
   COMMENT ON COLUMN "GAGI"."ORDERS"."ORDER_STATUS" IS '주문 상태/입금준비,입금완료..취소'
--------------------------------------------------------
--  DDL for Table REPLIES
--------------------------------------------------------

  CREATE TABLE "GAGI"."REPLIES" 
   (	"REPLY_ID" NUMBER, 
	"BOARD_TYPE" VARCHAR2(20) NOT NULL ENABLE, 
	"POST_ID" NUMBER NOT NULL ENABLE, 
	"USER_ID" NUMBER NOT NULL ENABLE, 
	"CONTENT" VARCHAR2(1000) NOT NULL ENABLE, 
	"CREATED_AT" DATE DEFAULT SYSDATE NOT NULL ENABLE, 
	"UPDATED_AT" DATE, 
	 PRIMARY KEY ("REPLY_ID")
  USING INDEX PCTFREE 10 INITRANS 2 MAXTRANS 255 COMPUTE STATISTICS 
  STORAGE(INITIAL 65536 NEXT 1048576 MINEXTENTS 1 MAXEXTENTS 2147483645
  PCTINCREASE 0 FREELISTS 1 FREELIST GROUPS 1 BUFFER_POOL DEFAULT FLASH_CACHE DEFAULT CELL_FLASH_CACHE DEFAULT)
  TABLESPACE "SYSTEM"  ENABLE, 
	 CONSTRAINT "FK_REPLIES_USER" FOREIGN KEY ("USER_ID")
	  REFERENCES "GAGI"."USERS" ("ID") ENABLE
   ) SEGMENT CREATION IMMEDIATE 
  PCTFREE 10 PCTUSED 40 INITRANS 1 MAXTRANS 255 NOCOMPRESS LOGGING
  STORAGE(INITIAL 65536 NEXT 1048576 MINEXTENTS 1 MAXEXTENTS 2147483645
  PCTINCREASE 0 FREELISTS 1 FREELIST GROUPS 1 BUFFER_POOL DEFAULT FLASH_CACHE DEFAULT CELL_FLASH_CACHE DEFAULT)
  TABLESPACE "SYSTEM" 

   COMMENT ON COLUMN "GAGI"."REPLIES"."REPLY_ID" IS '댓글 PK'
   COMMENT ON COLUMN "GAGI"."REPLIES"."BOARD_TYPE" IS '게시판 구분'
   COMMENT ON COLUMN "GAGI"."REPLIES"."POST_ID" IS '원본 글 ID'
   COMMENT ON COLUMN "GAGI"."REPLIES"."USER_ID" IS 'USERS.ID FK'
   COMMENT ON COLUMN "GAGI"."REPLIES"."CONTENT" IS '댓글 내용'
--------------------------------------------------------
--  DDL for Table REPORTS
--------------------------------------------------------

  CREATE TABLE "GAGI"."REPORTS" 
   (	"DEFECT_ID" NUMBER NOT NULL ENABLE, 
	"ORDER_ITEM_ID" NUMBER NOT NULL ENABLE, 
	"USER_ID" NUMBER NOT NULL ENABLE, 
	"PRODUCT_ID" NUMBER, 
	"DEFECT_TYPE" VARCHAR2(50) NOT NULL ENABLE, 
	"DESCRIPTION" VARCHAR2(1000), 
	"IMAGE_URL" VARCHAR2(500), 
	"STATUS" VARCHAR2(20) DEFAULT 'PENDING' NOT NULL ENABLE, 
	"CREATED_AT" TIMESTAMP (6) DEFAULT CURRENT_TIMESTAMP, 
	"UPDATED_AT" TIMESTAMP (6) DEFAULT CURRENT_TIMESTAMP
   ) SEGMENT CREATION IMMEDIATE 
  PCTFREE 10 PCTUSED 40 INITRANS 1 MAXTRANS 255 NOCOMPRESS LOGGING
  STORAGE(INITIAL 65536 NEXT 1048576 MINEXTENTS 1 MAXEXTENTS 2147483645
  PCTINCREASE 0 FREELISTS 1 FREELIST GROUPS 1 BUFFER_POOL DEFAULT FLASH_CACHE DEFAULT CELL_FLASH_CACHE DEFAULT)
  TABLESPACE "SYSTEM" 

   COMMENT ON COLUMN "GAGI"."REPORTS"."DEFECT_ID" IS '신고ID'
   COMMENT ON COLUMN "GAGI"."REPORTS"."ORDER_ITEM_ID" IS '주문상품 ID (FK: ORDER_ITEMS.ID)'
   COMMENT ON COLUMN "GAGI"."REPORTS"."USER_ID" IS '신고자 회원 ID (FK: USERS.ID)'
   COMMENT ON COLUMN "GAGI"."REPORTS"."PRODUCT_ID" IS '상품 ID (FK: PRODUCTS.ID)'
   COMMENT ON COLUMN "GAGI"."REPORTS"."DEFECT_TYPE" IS '불량 유형 (예: 파손, 오염, 오배송 등)'
   COMMENT ON COLUMN "GAGI"."REPORTS"."DESCRIPTION" IS '상세설명'
   COMMENT ON COLUMN "GAGI"."REPORTS"."IMAGE_URL" IS '불량 증빙 이미지 경로'
   COMMENT ON COLUMN "GAGI"."REPORTS"."STATUS" IS '신고 진행 상태 (PENDING=접수, IN_PROGRESS=처리중, RESOLVED=해결, REJECTED=반려)'
   COMMENT ON COLUMN "GAGI"."REPORTS"."CREATED_AT" IS '최초 신고 시간'
   COMMENT ON COLUMN "GAGI"."REPORTS"."UPDATED_AT" IS '신고 상태 변경 시간'
--------------------------------------------------------
--  DDL for Table REVIEWS
--------------------------------------------------------

  CREATE TABLE "GAGI"."REVIEWS" 
   (	"ID" NUMBER, 
	"ORDER_ITEM_ID" NUMBER NOT NULL ENABLE, 
	"REVIEWER_ID" NUMBER NOT NULL ENABLE, 
	"TARGET_ID" NUMBER NOT NULL ENABLE, 
	"RATING_NUMBER" NUMBER(3,0) DEFAULT 0 NOT NULL ENABLE, 
	"COMMENT_TEXT" VARCHAR2(1000), 
	"CREATED_AT" TIMESTAMP (6) DEFAULT CURRENT_TIMESTAMP, 
	"UPDATED_AT" TIMESTAMP (6) DEFAULT CURRENT_TIMESTAMP, 
	 PRIMARY KEY ("ID")
  USING INDEX PCTFREE 10 INITRANS 2 MAXTRANS 255 COMPUTE STATISTICS 
  STORAGE(INITIAL 65536 NEXT 1048576 MINEXTENTS 1 MAXEXTENTS 2147483645
  PCTINCREASE 0 FREELISTS 1 FREELIST GROUPS 1 BUFFER_POOL DEFAULT FLASH_CACHE DEFAULT CELL_FLASH_CACHE DEFAULT)
  TABLESPACE "SYSTEM"  ENABLE, 
	 UNIQUE ("ORDER_ITEM_ID")
  USING INDEX PCTFREE 10 INITRANS 2 MAXTRANS 255 COMPUTE STATISTICS 
  STORAGE(INITIAL 65536 NEXT 1048576 MINEXTENTS 1 MAXEXTENTS 2147483645
  PCTINCREASE 0 FREELISTS 1 FREELIST GROUPS 1 BUFFER_POOL DEFAULT FLASH_CACHE DEFAULT CELL_FLASH_CACHE DEFAULT)
  TABLESPACE "SYSTEM"  ENABLE, 
	 CONSTRAINT "FK_REV_REVIEWER" FOREIGN KEY ("REVIEWER_ID")
	  REFERENCES "GAGI"."USERS" ("ID") ENABLE, 
	 CONSTRAINT "FK_REV_TARGET" FOREIGN KEY ("TARGET_ID")
	  REFERENCES "GAGI"."USERS" ("ID") ENABLE
   ) SEGMENT CREATION IMMEDIATE 
  PCTFREE 10 PCTUSED 40 INITRANS 1 MAXTRANS 255 NOCOMPRESS LOGGING
  STORAGE(INITIAL 65536 NEXT 1048576 MINEXTENTS 1 MAXEXTENTS 2147483645
  PCTINCREASE 0 FREELISTS 1 FREELIST GROUPS 1 BUFFER_POOL DEFAULT FLASH_CACHE DEFAULT CELL_FLASH_CACHE DEFAULT)
  TABLESPACE "SYSTEM" 

   COMMENT ON COLUMN "GAGI"."REVIEWS"."ID" IS '리뷰 ID'
   COMMENT ON COLUMN "GAGI"."REVIEWS"."ORDER_ITEM_ID" IS '주문 상세 ID (FK, 리뷰 1:1)'
   COMMENT ON COLUMN "GAGI"."REVIEWS"."REVIEWER_ID" IS '작성자 (FK)'
   COMMENT ON COLUMN "GAGI"."REVIEWS"."TARGET_ID" IS '대상(판매자/구매자, FK)'
   COMMENT ON COLUMN "GAGI"."REVIEWS"."RATING_NUMBER" IS '평점'
   COMMENT ON COLUMN "GAGI"."REVIEWS"."COMMENT_TEXT" IS '리뷰 내용'
   COMMENT ON COLUMN "GAGI"."REVIEWS"."CREATED_AT" IS '생성일'
   COMMENT ON COLUMN "GAGI"."REVIEWS"."UPDATED_AT" IS '수정일'
   COMMENT ON TABLE "GAGI"."REVIEWS"  IS '리뷰'
--------------------------------------------------------
--  DDL for Table SELECTLIST
--------------------------------------------------------

  CREATE TABLE "GAGI"."SELECTLIST" 
   (	"ID" NUMBER, 
	"TYPE" VARCHAR2(20) NOT NULL ENABLE, 
	"USER_ID" NUMBER NOT NULL ENABLE, 
	"ITEM_ID" NUMBER NOT NULL ENABLE, 
	"QUANTITY" NUMBER, 
	"ADDED_AT" TIMESTAMP (6) DEFAULT CURRENT_TIMESTAMP, 
	"UPDATED_AT" TIMESTAMP (6) DEFAULT CURRENT_TIMESTAMP, 
	 PRIMARY KEY ("ID")
  USING INDEX PCTFREE 10 INITRANS 2 MAXTRANS 255 COMPUTE STATISTICS 
  STORAGE(INITIAL 65536 NEXT 1048576 MINEXTENTS 1 MAXEXTENTS 2147483645
  PCTINCREASE 0 FREELISTS 1 FREELIST GROUPS 1 BUFFER_POOL DEFAULT FLASH_CACHE DEFAULT CELL_FLASH_CACHE DEFAULT)
  TABLESPACE "SYSTEM"  ENABLE, 
	 CONSTRAINT "FK_SL_USER" FOREIGN KEY ("USER_ID")
	  REFERENCES "GAGI"."USERS" ("ID") ENABLE, 
	 CONSTRAINT "FK_SL_ITEM" FOREIGN KEY ("ITEM_ID")
	  REFERENCES "GAGI"."ITEMS" ("ID") ON DELETE CASCADE ENABLE
   ) SEGMENT CREATION IMMEDIATE 
  PCTFREE 10 PCTUSED 40 INITRANS 1 MAXTRANS 255 NOCOMPRESS LOGGING
  STORAGE(INITIAL 65536 NEXT 1048576 MINEXTENTS 1 MAXEXTENTS 2147483645
  PCTINCREASE 0 FREELISTS 1 FREELIST GROUPS 1 BUFFER_POOL DEFAULT FLASH_CACHE DEFAULT CELL_FLASH_CACHE DEFAULT)
  TABLESPACE "SYSTEM" 

   COMMENT ON COLUMN "GAGI"."SELECTLIST"."ID" IS '선택 번호'
   COMMENT ON COLUMN "GAGI"."SELECTLIST"."TYPE" IS '타입(cart/wishlist)'
   COMMENT ON COLUMN "GAGI"."SELECTLIST"."USER_ID" IS '회원 ID (FK)'
   COMMENT ON COLUMN "GAGI"."SELECTLIST"."ITEM_ID" IS '상품 ID (FK)'
   COMMENT ON COLUMN "GAGI"."SELECTLIST"."QUANTITY" IS '수량'
   COMMENT ON COLUMN "GAGI"."SELECTLIST"."ADDED_AT" IS '등록일'
   COMMENT ON COLUMN "GAGI"."SELECTLIST"."UPDATED_AT" IS '수정일'
   COMMENT ON TABLE "GAGI"."SELECTLIST"  IS '장바구니/찜 목록'
--------------------------------------------------------
--  DDL for Table USERS
--------------------------------------------------------

  CREATE TABLE "GAGI"."USERS" 
   (	"ID" NUMBER, 
	"USERNAME" VARCHAR2(100) NOT NULL ENABLE, 
	"EMAIL" VARCHAR2(255) NOT NULL ENABLE, 
	"PASSWORD" VARCHAR2(255), 
	"PHONE" VARCHAR2(20), 
	"USER_TYPE" VARCHAR2(20) DEFAULT 'buyer' NOT NULL ENABLE, 
	"LOGIN_TYPE" VARCHAR2(20) DEFAULT 'local' NOT NULL ENABLE, 
	"PROVIDER_ID" VARCHAR2(255), 
	"PROFILE_IMAGE" VARCHAR2(500), 
	"STATUS" VARCHAR2(20) DEFAULT 'active', 
	"CREATED_AT" TIMESTAMP (6) DEFAULT CURRENT_TIMESTAMP, 
	"UPDATED_AT" TIMESTAMP (6) DEFAULT CURRENT_TIMESTAMP, 
	"NICKNAME" VARCHAR2(20), 
	 PRIMARY KEY ("ID")
  USING INDEX PCTFREE 10 INITRANS 2 MAXTRANS 255 COMPUTE STATISTICS 
  STORAGE(INITIAL 65536 NEXT 1048576 MINEXTENTS 1 MAXEXTENTS 2147483645
  PCTINCREASE 0 FREELISTS 1 FREELIST GROUPS 1 BUFFER_POOL DEFAULT FLASH_CACHE DEFAULT CELL_FLASH_CACHE DEFAULT)
  TABLESPACE "SYSTEM"  ENABLE, 
	 CONSTRAINT "UK_USERS_USERNAME" UNIQUE ("USERNAME")
  USING INDEX PCTFREE 10 INITRANS 2 MAXTRANS 255 COMPUTE STATISTICS 
  STORAGE(INITIAL 65536 NEXT 1048576 MINEXTENTS 1 MAXEXTENTS 2147483645
  PCTINCREASE 0 FREELISTS 1 FREELIST GROUPS 1 BUFFER_POOL DEFAULT FLASH_CACHE DEFAULT CELL_FLASH_CACHE DEFAULT)
  TABLESPACE "SYSTEM"  ENABLE, 
	 CONSTRAINT "UK_USERS_EMAIL" UNIQUE ("EMAIL")
  USING INDEX PCTFREE 10 INITRANS 2 MAXTRANS 255 COMPUTE STATISTICS 
  STORAGE(INITIAL 65536 NEXT 1048576 MINEXTENTS 1 MAXEXTENTS 2147483645
  PCTINCREASE 0 FREELISTS 1 FREELIST GROUPS 1 BUFFER_POOL DEFAULT FLASH_CACHE DEFAULT CELL_FLASH_CACHE DEFAULT)
  TABLESPACE "SYSTEM"  ENABLE, 
	 CONSTRAINT "UK_USERS_PHONE" UNIQUE ("PHONE")
  USING INDEX PCTFREE 10 INITRANS 2 MAXTRANS 255 COMPUTE STATISTICS 
  STORAGE(INITIAL 65536 NEXT 1048576 MINEXTENTS 1 MAXEXTENTS 2147483645
  PCTINCREASE 0 FREELISTS 1 FREELIST GROUPS 1 BUFFER_POOL DEFAULT FLASH_CACHE DEFAULT CELL_FLASH_CACHE DEFAULT)
  TABLESPACE "SYSTEM"  ENABLE, 
	 CONSTRAINT "UK_USERS_PROVIDER" UNIQUE ("PROVIDER_ID")
  USING INDEX PCTFREE 10 INITRANS 2 MAXTRANS 255 COMPUTE STATISTICS 
  STORAGE(INITIAL 65536 NEXT 1048576 MINEXTENTS 1 MAXEXTENTS 2147483645
  PCTINCREASE 0 FREELISTS 1 FREELIST GROUPS 1 BUFFER_POOL DEFAULT FLASH_CACHE DEFAULT CELL_FLASH_CACHE DEFAULT)
  TABLESPACE "SYSTEM"  ENABLE
   ) SEGMENT CREATION IMMEDIATE 
  PCTFREE 10 PCTUSED 40 INITRANS 1 MAXTRANS 255 NOCOMPRESS LOGGING
  STORAGE(INITIAL 65536 NEXT 1048576 MINEXTENTS 1 MAXEXTENTS 2147483645
  PCTINCREASE 0 FREELISTS 1 FREELIST GROUPS 1 BUFFER_POOL DEFAULT FLASH_CACHE DEFAULT CELL_FLASH_CACHE DEFAULT)
  TABLESPACE "SYSTEM" 

   COMMENT ON COLUMN "GAGI"."USERS"."ID" IS '회원 번호 (PK)'
   COMMENT ON COLUMN "GAGI"."USERS"."USERNAME" IS '이름'
   COMMENT ON COLUMN "GAGI"."USERS"."EMAIL" IS '이메일 (고유)'
   COMMENT ON COLUMN "GAGI"."USERS"."PASSWORD" IS '비밀번호 (소셜 로그인 시 NULL 가능)'
   COMMENT ON COLUMN "GAGI"."USERS"."PHONE" IS '전화번호'
   COMMENT ON COLUMN "GAGI"."USERS"."USER_TYPE" IS '회원 유형 (구매자/판매자/관리자)'
   COMMENT ON COLUMN "GAGI"."USERS"."LOGIN_TYPE" IS '로그인 유형 (로컬/소셜)'
   COMMENT ON COLUMN "GAGI"."USERS"."PROVIDER_ID" IS '소셜 계정 고유 ID'
   COMMENT ON COLUMN "GAGI"."USERS"."PROFILE_IMAGE" IS '프로필 이미지 경로'
   COMMENT ON COLUMN "GAGI"."USERS"."STATUS" IS '계정 상태 (active, suspended 등)'
   COMMENT ON COLUMN "GAGI"."USERS"."CREATED_AT" IS '생성일'
   COMMENT ON COLUMN "GAGI"."USERS"."UPDATED_AT" IS '수정일'
   COMMENT ON COLUMN "GAGI"."USERS"."NICKNAME" IS '닉네임'
   COMMENT ON TABLE "GAGI"."USERS"  IS '회원 정보 테이블'
REM INSERTING into GAGI.ACCOUNT_TRANSFERS
SET DEFINE OFF;
REM INSERTING into GAGI.ADDRESS
SET DEFINE OFF;
Insert into GAGI.ADDRESS (ADDRESS_ID,ZIP_CODE,ADDRESS,ADDRESS_DETAIL,IS_DEFAULT,USER_ID,DELEVERY_NAME,DELEVERY_PICKUP,PHONE) values (18,'41199','대구 동구 큰고개로 3','qwer','N',1,'987','누리집','010-8462-1265');
Insert into GAGI.ADDRESS (ADDRESS_ID,ZIP_CODE,ADDRESS,ADDRESS_DETAIL,IS_DEFAULT,USER_ID,DELEVERY_NAME,DELEVERY_PICKUP,PHONE) values (17,'01809','서울 노원구 공릉로 290','9876','N',1,'ㅋㅎㄹ','누리집','010-8956-4567');
Insert into GAGI.ADDRESS (ADDRESS_ID,ZIP_CODE,ADDRESS,ADDRESS_DETAIL,IS_DEFAULT,USER_ID,DELEVERY_NAME,DELEVERY_PICKUP,PHONE) values (19,'46031','부산 기장군 장안읍 판곡길 4','132','Y',1,'이름','우리집','010-3568-1573');
Insert into GAGI.ADDRESS (ADDRESS_ID,ZIP_CODE,ADDRESS,ADDRESS_DETAIL,IS_DEFAULT,USER_ID,DELEVERY_NAME,DELEVERY_PICKUP,PHONE) values (20,'28124','충북 청주시 청원구 오창읍 오창중앙로 62','여기인가','N',4,'임경수','우리집','010-1111-1111');
Insert into GAGI.ADDRESS (ADDRESS_ID,ZIP_CODE,ADDRESS,ADDRESS_DETAIL,IS_DEFAULT,USER_ID,DELEVERY_NAME,DELEVERY_PICKUP,PHONE) values (21,'34316','대전 대덕구 대청호수로 1506','ㅇㅇ','Y',4,'박경수',null,'132-3545-6184');
REM INSERTING into GAGI.CATEGORIES
SET DEFINE OFF;
Insert into GAGI.CATEGORIES (CATEGORY_ID,NAME,CREATED_DT,UPDATED_DT) values (0,'농산물',to_timestamp('25/09/05 19:50:08.181818000','RR/MM/DD HH24:MI:SSXFF'),to_timestamp('25/09/05 19:50:15.332000000','RR/MM/DD HH24:MI:SSXFF'));
Insert into GAGI.CATEGORIES (CATEGORY_ID,NAME,CREATED_DT,UPDATED_DT) values (1,'수산물',to_timestamp('25/09/08 19:50:43.312425000','RR/MM/DD HH24:MI:SSXFF'),to_timestamp('25/09/05 19:50:47.698000000','RR/MM/DD HH24:MI:SSXFF'));
Insert into GAGI.CATEGORIES (CATEGORY_ID,NAME,CREATED_DT,UPDATED_DT) values (2,'잡곡류',to_timestamp('25/09/03 20:53:57.253418000','RR/MM/DD HH24:MI:SSXFF'),to_timestamp('25/09/13 20:54:02.141936000','RR/MM/DD HH24:MI:SSXFF'));
Insert into GAGI.CATEGORIES (CATEGORY_ID,NAME,CREATED_DT,UPDATED_DT) values (3,'축산물',to_timestamp('25/09/11 19:40:02.000000000','RR/MM/DD HH24:MI:SSXFF'),to_timestamp('25/09/11 19:40:02.000000000','RR/MM/DD HH24:MI:SSXFF'));
REM INSERTING into GAGI.CHAT_MESSAGES
SET DEFINE OFF;
REM INSERTING into GAGI.CHAT_PARTICIPANTS
SET DEFINE OFF;
REM INSERTING into GAGI.CHAT_ROOMS
SET DEFINE OFF;
REM INSERTING into GAGI.INQUIRIES
SET DEFINE OFF;
REM INSERTING into GAGI.ITEMS
SET DEFINE OFF;
Insert into GAGI.ITEMS (ID,USER_ID,CATEGORY_ID,TITLE,DESCRIPTION,DELIVERY,IS_DIRECT_DEAL,PRICE,AMOUNT,BANK_ACCOUNT_NUMBER,SALES_STATUS,VIEWS,CREATED_AT,UPDATED_AT,DELETED_AT,IS_DELETE) values (1,1,0,'신선한 사과 1kg','달콤하고 아삭한 국내산 사과','서울 강남구','Y',10000,12,'123-456-789012','available',12,to_timestamp('25/09/05 19:50:08.181818000','RR/MM/DD HH24:MI:SSXFF'),to_timestamp('25/09/05 19:50:15.332000000','RR/MM/DD HH24:MI:SSXFF'),null,'Y');
Insert into GAGI.ITEMS (ID,USER_ID,CATEGORY_ID,TITLE,DESCRIPTION,DELIVERY,IS_DIRECT_DEAL,PRICE,AMOUNT,BANK_ACCOUNT_NUMBER,SALES_STATUS,VIEWS,CREATED_AT,UPDATED_AT,DELETED_AT,IS_DELETE) values (65,4,0,'파인애플','파인사과','1','N',111,11,'1111-11-11155','available',3,to_timestamp('25/10/15 14:41:38.000000000','RR/MM/DD HH24:MI:SSXFF'),to_timestamp('25/10/15 14:41:38.000000000','RR/MM/DD HH24:MI:SSXFF'),null,'N');
Insert into GAGI.ITEMS (ID,USER_ID,CATEGORY_ID,TITLE,DESCRIPTION,DELIVERY,IS_DIRECT_DEAL,PRICE,AMOUNT,BANK_ACCOUNT_NUMBER,SALES_STATUS,VIEWS,CREATED_AT,UPDATED_AT,DELETED_AT,IS_DELETE) values (3,2,1,'고등어 2마리','신선한 제주산 고등어','제주시','Y',12000,8,'987-654-321098','available',3,to_timestamp('25/09/08 19:50:43.312425000','RR/MM/DD HH24:MI:SSXFF'),to_timestamp('25/09/05 19:50:47.698000000','RR/MM/DD HH24:MI:SSXFF'),null,'N');
Insert into GAGI.ITEMS (ID,USER_ID,CATEGORY_ID,TITLE,DESCRIPTION,DELIVERY,IS_DIRECT_DEAL,PRICE,AMOUNT,BANK_ACCOUNT_NUMBER,SALES_STATUS,VIEWS,CREATED_AT,UPDATED_AT,DELETED_AT,IS_DELETE) values (4,2,0,'유기농 토마토 1kg','농약 없는 토마토','대구 수성구','Y',8000,15,'987-654-321098','available',3,to_timestamp('25/09/11 19:40:02.000000000','RR/MM/DD HH24:MI:SSXFF'),to_timestamp('25/09/11 19:40:02.000000000','RR/MM/DD HH24:MI:SSXFF'),null,'N');
Insert into GAGI.ITEMS (ID,USER_ID,CATEGORY_ID,TITLE,DESCRIPTION,DELIVERY,IS_DIRECT_DEAL,PRICE,AMOUNT,BANK_ACCOUNT_NUMBER,SALES_STATUS,VIEWS,CREATED_AT,UPDATED_AT,DELETED_AT,IS_DELETE) values (19,6,3,'한우 등심 1kg','촉촉하고 육즙 가득한 한우 등심 보내드릴게요~\n부드러운 식감과 고소한 풍미가 일품인 프리미엄 한우 등심이에요^^\n스테이크, 구이, 불고기 등 다양한 요리에 활용 가능하며, 입안에서 살살 녹는 맛이 일품입니다ㅎㅎ\n한우 등심은 단백질과 철분이 풍부하여 체력 회복과 빈혈 예방에 도움을 주고,\n건강한 지방 함량으로 포만감까지 챙길 수 있는 최적의 부위입니다.\n가족 모임, 특별한 날, 또는 고기 파티에 딱 맞아요!!\n6팩 단위로 주문 받아용 신선함을 위해 발송 직전 손질하며,\n바로 조리하시면 최상의 맛을 즐기실 수 있습니다.
',null,'Y',60000,46,'123-456-7890','available',6,to_timestamp('25/09/18 15:04:43.534000000','RR/MM/DD HH24:MI:SSXFF'),to_timestamp('25/09/18 15:04:43.534000000','RR/MM/DD HH24:MI:SSXFF'),null,'N');
Insert into GAGI.ITEMS (ID,USER_ID,CATEGORY_ID,TITLE,DESCRIPTION,DELIVERY,IS_DIRECT_DEAL,PRICE,AMOUNT,BANK_ACCOUNT_NUMBER,SALES_STATUS,VIEWS,CREATED_AT,UPDATED_AT,DELETED_AT,IS_DELETE) values (7,9,0,'무안 양파 10kg 망포장','전남 무안에서 재배한 달콤한 양파입니다. 저장성이 우수합니다.','전남 무안군','Y',22000,51,'110-123-456789','available',3,to_timestamp('25/09/16 10:27:54.555000000','RR/MM/DD HH24:MI:SSXFF'),to_timestamp('25/09/16 10:27:54.555000000','RR/MM/DD HH24:MI:SSXFF'),null,'N');
Insert into GAGI.ITEMS (ID,USER_ID,CATEGORY_ID,TITLE,DESCRIPTION,DELIVERY,IS_DIRECT_DEAL,PRICE,AMOUNT,BANK_ACCOUNT_NUMBER,SALES_STATUS,VIEWS,CREATED_AT,UPDATED_AT,DELETED_AT,IS_DELETE) values (8,10,1,'남해산 활광어 1마리 (1.5kg)','남해에서 양식한 싱싱한 활광어입니다. 회로 드시기에 최적입니다.','경남 통영시','N',45000,15,'220-234-567890','available',3,to_timestamp('25/09/16 10:29:07.827000000','RR/MM/DD HH24:MI:SSXFF'),to_timestamp('25/09/16 10:29:07.827000000','RR/MM/DD HH24:MI:SSXFF'),null,'N');
Insert into GAGI.ITEMS (ID,USER_ID,CATEGORY_ID,TITLE,DESCRIPTION,DELIVERY,IS_DIRECT_DEAL,PRICE,AMOUNT,BANK_ACCOUNT_NUMBER,SALES_STATUS,VIEWS,CREATED_AT,UPDATED_AT,DELETED_AT,IS_DELETE) values (73,4,0,'#성주 #무농약 #블루베리 50g 소포장으로 배송','1개도 배송합니다~ 배송비 무료~
무농약으로 재배한 블루베리, 아기들 면역력에 좋은 ...','경북 성주','Y',5000,50,'농협 48256-59-158654','available',1,to_timestamp('25/10/20 20:03:21.393000000','RR/MM/DD HH24:MI:SSXFF'),to_timestamp('25/10/20 20:03:21.393000000','RR/MM/DD HH24:MI:SSXFF'),null,'N');
Insert into GAGI.ITEMS (ID,USER_ID,CATEGORY_ID,TITLE,DESCRIPTION,DELIVERY,IS_DIRECT_DEAL,PRICE,AMOUNT,BANK_ACCOUNT_NUMBER,SALES_STATUS,VIEWS,CREATED_AT,UPDATED_AT,DELETED_AT,IS_DELETE) values (58,4,0,'이것','저것','거기','N',111,11,'1111-11-11155','available',0,to_timestamp('25/10/14 20:12:17.097000000','RR/MM/DD HH24:MI:SSXFF'),to_timestamp('25/10/14 20:12:17.097000000','RR/MM/DD HH24:MI:SSXFF'),null,'N');
Insert into GAGI.ITEMS (ID,USER_ID,CATEGORY_ID,TITLE,DESCRIPTION,DELIVERY,IS_DIRECT_DEAL,PRICE,AMOUNT,BANK_ACCOUNT_NUMBER,SALES_STATUS,VIEWS,CREATED_AT,UPDATED_AT,DELETED_AT,IS_DELETE) values (10,4,0,'맛없는 복숭아','낙과','북한','N',5000,30,'111-111-11111','available',2,to_timestamp('25/09/18 00:12:26.180000000','RR/MM/DD HH24:MI:SSXFF'),to_timestamp('25/09/18 00:12:26.180000000','RR/MM/DD HH24:MI:SSXFF'),null,'N');
Insert into GAGI.ITEMS (ID,USER_ID,CATEGORY_ID,TITLE,DESCRIPTION,DELIVERY,IS_DIRECT_DEAL,PRICE,AMOUNT,BANK_ACCOUNT_NUMBER,SALES_STATUS,VIEWS,CREATED_AT,UPDATED_AT,DELETED_AT,IS_DELETE) values (11,4,0,'경수의 배','맛있는 배','공주','N',35000,5,'111-111-11111','available',1,to_timestamp('25/09/18 00:16:09.121000000','RR/MM/DD HH24:MI:SSXFF'),to_timestamp('25/09/18 00:16:09.121000000','RR/MM/DD HH24:MI:SSXFF'),null,'N');
Insert into GAGI.ITEMS (ID,USER_ID,CATEGORY_ID,TITLE,DESCRIPTION,DELIVERY,IS_DIRECT_DEAL,PRICE,AMOUNT,BANK_ACCOUNT_NUMBER,SALES_STATUS,VIEWS,CREATED_AT,UPDATED_AT,DELETED_AT,IS_DELETE) values (12,4,0,'경수의 삼겹살','맛있는 삼겹살ㅇㅇㅇ','청주','N',30000,30,'1234-12-1234','available',1,to_timestamp('25/09/18 00:17:16.759000000','RR/MM/DD HH24:MI:SSXFF'),to_timestamp('25/09/18 00:17:16.759000000','RR/MM/DD HH24:MI:SSXFF'),null,'N');
Insert into GAGI.ITEMS (ID,USER_ID,CATEGORY_ID,TITLE,DESCRIPTION,DELIVERY,IS_DIRECT_DEAL,PRICE,AMOUNT,BANK_ACCOUNT_NUMBER,SALES_STATUS,VIEWS,CREATED_AT,UPDATED_AT,DELETED_AT,IS_DELETE) values (75,4,0,'논산 딸기 1팩에 20구 특대사이즈','논산 딸기!! 특대사이즈로 보내드립니다~ 무료배송!! 직접 오실경우 딸기 따기 체험과 더 저렴한 가격으로 만나보실 수 있습니다~ 무료배송~ ','충남 논산','Y',9000,70,'농협 15615-15-51481','available',0,to_timestamp('25/10/20 20:17:08.379000000','RR/MM/DD HH24:MI:SSXFF'),to_timestamp('25/10/20 20:17:08.379000000','RR/MM/DD HH24:MI:SSXFF'),null,'N');
Insert into GAGI.ITEMS (ID,USER_ID,CATEGORY_ID,TITLE,DESCRIPTION,DELIVERY,IS_DIRECT_DEAL,PRICE,AMOUNT,BANK_ACCOUNT_NUMBER,SALES_STATUS,VIEWS,CREATED_AT,UPDATED_AT,DELETED_AT,IS_DELETE) values (32,9,0,'수박','수박팔아요','정선','N',80000,20,'123-456-7890','available',2,to_timestamp('25/10/02 13:11:12.307000000','RR/MM/DD HH24:MI:SSXFF'),to_timestamp('25/10/02 13:11:12.307000000','RR/MM/DD HH24:MI:SSXFF'),null,'N');
Insert into GAGI.ITEMS (ID,USER_ID,CATEGORY_ID,TITLE,DESCRIPTION,DELIVERY,IS_DIRECT_DEAL,PRICE,AMOUNT,BANK_ACCOUNT_NUMBER,SALES_STATUS,VIEWS,CREATED_AT,UPDATED_AT,DELETED_AT,IS_DELETE) values (33,4,0,'사과같은 배','사과처럼 맛있는 배(1박스로 팔아요) 6개 들어있음','창원','N',50000,25,'1111-11-11155','available',4,to_timestamp('25/10/02 13:37:55.030000000','RR/MM/DD HH24:MI:SSXFF'),to_timestamp('25/10/02 13:37:55.030000000','RR/MM/DD HH24:MI:SSXFF'),null,'N');
Insert into GAGI.ITEMS (ID,USER_ID,CATEGORY_ID,TITLE,DESCRIPTION,DELIVERY,IS_DIRECT_DEAL,PRICE,AMOUNT,BANK_ACCOUNT_NUMBER,SALES_STATUS,VIEWS,CREATED_AT,UPDATED_AT,DELETED_AT,IS_DELETE) values (36,1,0,'광어10kg','광어 팔아요','부산 자갈치','Y',60000,50,'123-456-7890','available',12,to_timestamp('25/10/13 09:24:10.020000000','RR/MM/DD HH24:MI:SSXFF'),to_timestamp('25/10/13 09:24:10.020000000','RR/MM/DD HH24:MI:SSXFF'),null,'N');
Insert into GAGI.ITEMS (ID,USER_ID,CATEGORY_ID,TITLE,DESCRIPTION,DELIVERY,IS_DIRECT_DEAL,PRICE,AMOUNT,BANK_ACCOUNT_NUMBER,SALES_STATUS,VIEWS,CREATED_AT,UPDATED_AT,DELETED_AT,IS_DELETE) values (39,4,0,'창지 벼','창지','파주','N',30000,15,'1111-11-11118','available',6,to_timestamp('25/10/13 13:19:41.911000000','RR/MM/DD HH24:MI:SSXFF'),to_timestamp('25/10/13 13:19:41.911000000','RR/MM/DD HH24:MI:SSXFF'),null,'N');
Insert into GAGI.ITEMS (ID,USER_ID,CATEGORY_ID,TITLE,DESCRIPTION,DELIVERY,IS_DIRECT_DEAL,PRICE,AMOUNT,BANK_ACCOUNT_NUMBER,SALES_STATUS,VIEWS,CREATED_AT,UPDATED_AT,DELETED_AT,IS_DELETE) values (40,4,0,'가지','ㄴㅇㄹㄴㅇㄹ가지','대전','N',99999,5,'1111-11-11110','available',3,to_timestamp('25/10/13 19:30:23.879000000','RR/MM/DD HH24:MI:SSXFF'),to_timestamp('25/10/13 19:30:23.879000000','RR/MM/DD HH24:MI:SSXFF'),null,'N');
Insert into GAGI.ITEMS (ID,USER_ID,CATEGORY_ID,TITLE,DESCRIPTION,DELIVERY,IS_DIRECT_DEAL,PRICE,AMOUNT,BANK_ACCOUNT_NUMBER,SALES_STATUS,VIEWS,CREATED_AT,UPDATED_AT,DELETED_AT,IS_DELETE) values (41,1,0,'돼지 삼겹살 10kg','삼겹살 10kg 팔아요','보성','Y',100000,14,'123-456-7892','available',7,to_timestamp('25/10/13 19:32:58.126000000','RR/MM/DD HH24:MI:SSXFF'),to_timestamp('25/10/13 19:32:58.126000000','RR/MM/DD HH24:MI:SSXFF'),null,'N');
Insert into GAGI.ITEMS (ID,USER_ID,CATEGORY_ID,TITLE,DESCRIPTION,DELIVERY,IS_DIRECT_DEAL,PRICE,AMOUNT,BANK_ACCOUNT_NUMBER,SALES_STATUS,VIEWS,CREATED_AT,UPDATED_AT,DELETED_AT,IS_DELETE) values (51,4,0,'ㅇㅇ','ㅇㅇ','ㅇㅇ','N',1555,2,'1111-11-11155','available',3,to_timestamp('25/10/14 01:42:18.001000000','RR/MM/DD HH24:MI:SSXFF'),to_timestamp('25/10/14 01:42:18.001000000','RR/MM/DD HH24:MI:SSXFF'),null,'N');
Insert into GAGI.ITEMS (ID,USER_ID,CATEGORY_ID,TITLE,DESCRIPTION,DELIVERY,IS_DIRECT_DEAL,PRICE,AMOUNT,BANK_ACCOUNT_NUMBER,SALES_STATUS,VIEWS,CREATED_AT,UPDATED_AT,DELETED_AT,IS_DELETE) values (72,4,1,'동해에서 바로잡아 냉동에 신선하게 보관 배송 신선 냉동고등어','우리나라 동해 50km해상에서 잡은 후 바로 급냉하여 신선한 냉동고등어. 국내 유일!!
25cm 이상!! 2마리 1세트 14000원 배송비 무료!!
진공포장하여 보냉처리하여 배송해드립니다~','강원 동해','N',14000,100,'수협 11112-11-111311','available',10,to_timestamp('25/10/17 18:04:30.260000000','RR/MM/DD HH24:MI:SSXFF'),to_timestamp('25/10/17 18:04:30.260000000','RR/MM/DD HH24:MI:SSXFF'),null,'N');
Insert into GAGI.ITEMS (ID,USER_ID,CATEGORY_ID,TITLE,DESCRIPTION,DELIVERY,IS_DIRECT_DEAL,PRICE,AMOUNT,BANK_ACCOUNT_NUMBER,SALES_STATUS,VIEWS,CREATED_AT,UPDATED_AT,DELETED_AT,IS_DELETE) values (53,4,0,'산삼','산삼','금산','N',1000000,2,'1111-11-11111','available',6,to_timestamp('25/10/14 13:09:32.419000000','RR/MM/DD HH24:MI:SSXFF'),to_timestamp('25/10/14 13:09:32.419000000','RR/MM/DD HH24:MI:SSXFF'),null,'N');
Insert into GAGI.ITEMS (ID,USER_ID,CATEGORY_ID,TITLE,DESCRIPTION,DELIVERY,IS_DIRECT_DEAL,PRICE,AMOUNT,BANK_ACCOUNT_NUMBER,SALES_STATUS,VIEWS,CREATED_AT,UPDATED_AT,DELETED_AT,IS_DELETE) values (54,4,0,'4','4','4','N',4,4,'4','available',1,to_timestamp('25/10/14 13:14:09.914000000','RR/MM/DD HH24:MI:SSXFF'),to_timestamp('25/10/14 13:14:09.914000000','RR/MM/DD HH24:MI:SSXFF'),null,'N');
Insert into GAGI.ITEMS (ID,USER_ID,CATEGORY_ID,TITLE,DESCRIPTION,DELIVERY,IS_DIRECT_DEAL,PRICE,AMOUNT,BANK_ACCOUNT_NUMBER,SALES_STATUS,VIEWS,CREATED_AT,UPDATED_AT,DELETED_AT,IS_DELETE) values (55,4,0,'가지','가지마켓 가지','ㅇㅇ','N',1000,1,'1111-11-11121','available',4,to_timestamp('25/10/14 16:54:28.867000000','RR/MM/DD HH24:MI:SSXFF'),to_timestamp('25/10/14 16:54:28.867000000','RR/MM/DD HH24:MI:SSXFF'),null,'N');
Insert into GAGI.ITEMS (ID,USER_ID,CATEGORY_ID,TITLE,DESCRIPTION,DELIVERY,IS_DIRECT_DEAL,PRICE,AMOUNT,BANK_ACCOUNT_NUMBER,SALES_STATUS,VIEWS,CREATED_AT,UPDATED_AT,DELETED_AT,IS_DELETE) values (56,4,0,'ddd','dddd','ff','N',111,2,'1234-12-1234','available',4,to_timestamp('25/10/14 16:57:34.023000000','RR/MM/DD HH24:MI:SSXFF'),to_timestamp('25/10/14 16:57:34.023000000','RR/MM/DD HH24:MI:SSXFF'),null,'N');
Insert into GAGI.ITEMS (ID,USER_ID,CATEGORY_ID,TITLE,DESCRIPTION,DELIVERY,IS_DIRECT_DEAL,PRICE,AMOUNT,BANK_ACCOUNT_NUMBER,SALES_STATUS,VIEWS,CREATED_AT,UPDATED_AT,DELETED_AT,IS_DELETE) values (59,4,0,'딸기','딸기','노르웨이','N',11111,11,'1234-12-1234','available',6,to_timestamp('25/10/14 20:35:14.550000000','RR/MM/DD HH24:MI:SSXFF'),to_timestamp('25/10/14 20:35:14.550000000','RR/MM/DD HH24:MI:SSXFF'),null,'N');
Insert into GAGI.ITEMS (ID,USER_ID,CATEGORY_ID,TITLE,DESCRIPTION,DELIVERY,IS_DIRECT_DEAL,PRICE,AMOUNT,BANK_ACCOUNT_NUMBER,SALES_STATUS,VIEWS,CREATED_AT,UPDATED_AT,DELETED_AT,IS_DELETE) values (60,4,0,'파인애플','파인사과','1','N',111,11,'1111-11-11155','available',8,to_timestamp('25/10/14 21:04:39.215000000','RR/MM/DD HH24:MI:SSXFF'),to_timestamp('25/10/14 21:04:39.215000000','RR/MM/DD HH24:MI:SSXFF'),null,'N');
Insert into GAGI.ITEMS (ID,USER_ID,CATEGORY_ID,TITLE,DESCRIPTION,DELIVERY,IS_DIRECT_DEAL,PRICE,AMOUNT,BANK_ACCOUNT_NUMBER,SALES_STATUS,VIEWS,CREATED_AT,UPDATED_AT,DELETED_AT,IS_DELETE) values (66,4,0,'바나나 같은 것','ddd','대전','N',111,11,'11111','available',1,to_timestamp('25/10/15 15:31:52.405000000','RR/MM/DD HH24:MI:SSXFF'),to_timestamp('25/10/15 15:31:52.405000000','RR/MM/DD HH24:MI:SSXFF'),null,'N');
Insert into GAGI.ITEMS (ID,USER_ID,CATEGORY_ID,TITLE,DESCRIPTION,DELIVERY,IS_DIRECT_DEAL,PRICE,AMOUNT,BANK_ACCOUNT_NUMBER,SALES_STATUS,VIEWS,CREATED_AT,UPDATED_AT,DELETED_AT,IS_DELETE) values (67,4,0,'체리','1','111','N',111,1,'111','available',4,to_timestamp('25/10/15 15:48:40.405000000','RR/MM/DD HH24:MI:SSXFF'),to_timestamp('25/10/15 15:48:40.405000000','RR/MM/DD HH24:MI:SSXFF'),null,'N');
Insert into GAGI.ITEMS (ID,USER_ID,CATEGORY_ID,TITLE,DESCRIPTION,DELIVERY,IS_DIRECT_DEAL,PRICE,AMOUNT,BANK_ACCOUNT_NUMBER,SALES_STATUS,VIEWS,CREATED_AT,UPDATED_AT,DELETED_AT,IS_DELETE) values (68,4,0,'블루배리','111','11','N',1111,1,'111','available',6,to_timestamp('25/10/15 20:11:34.447000000','RR/MM/DD HH24:MI:SSXFF'),to_timestamp('25/10/15 20:11:34.447000000','RR/MM/DD HH24:MI:SSXFF'),null,'N');
Insert into GAGI.ITEMS (ID,USER_ID,CATEGORY_ID,TITLE,DESCRIPTION,DELIVERY,IS_DIRECT_DEAL,PRICE,AMOUNT,BANK_ACCOUNT_NUMBER,SALES_STATUS,VIEWS,CREATED_AT,UPDATED_AT,DELETED_AT,IS_DELETE) values (69,4,0,'파프리카','111','111','N',111,1,'111','available',10,to_timestamp('25/10/15 20:12:18.748000000','RR/MM/DD HH24:MI:SSXFF'),to_timestamp('25/10/15 20:12:18.748000000','RR/MM/DD HH24:MI:SSXFF'),null,'N');
Insert into GAGI.ITEMS (ID,USER_ID,CATEGORY_ID,TITLE,DESCRIPTION,DELIVERY,IS_DIRECT_DEAL,PRICE,AMOUNT,BANK_ACCOUNT_NUMBER,SALES_STATUS,VIEWS,CREATED_AT,UPDATED_AT,DELETED_AT,IS_DELETE) values (71,1,0,'111','1111','11',null,10000,1,'1111','available',8,to_timestamp('25/10/17 12:47:23.031000000','RR/MM/DD HH24:MI:SSXFF'),to_timestamp('25/10/17 12:47:23.031000000','RR/MM/DD HH24:MI:SSXFF'),null,'N');
Insert into GAGI.ITEMS (ID,USER_ID,CATEGORY_ID,TITLE,DESCRIPTION,DELIVERY,IS_DIRECT_DEAL,PRICE,AMOUNT,BANK_ACCOUNT_NUMBER,SALES_STATUS,VIEWS,CREATED_AT,UPDATED_AT,DELETED_AT,IS_DELETE) values (74,4,0,'sdfsf','sdfsf','sdfsd','Y',1341,414,'dfs','available',1,to_timestamp('25/10/20 20:03:47.859000000','RR/MM/DD HH24:MI:SSXFF'),to_timestamp('25/10/20 20:03:47.859000000','RR/MM/DD HH24:MI:SSXFF'),null,'N');
Insert into GAGI.ITEMS (ID,USER_ID,CATEGORY_ID,TITLE,DESCRIPTION,DELIVERY,IS_DIRECT_DEAL,PRICE,AMOUNT,BANK_ACCOUNT_NUMBER,SALES_STATUS,VIEWS,CREATED_AT,UPDATED_AT,DELETED_AT,IS_DELETE) values (76,4,0,'최저가격 #소고기 토마호크 1kg 25000원','최저가격 #소고기 토마호크 1kg 25000원','인천 서구','N',25000,150,'국민 12654-88-4894','available',2,to_timestamp('25/10/20 20:27:01.759000000','RR/MM/DD HH24:MI:SSXFF'),to_timestamp('25/10/20 20:27:01.759000000','RR/MM/DD HH24:MI:SSXFF'),null,'N');
Insert into GAGI.ITEMS (ID,USER_ID,CATEGORY_ID,TITLE,DESCRIPTION,DELIVERY,IS_DIRECT_DEAL,PRICE,AMOUNT,BANK_ACCOUNT_NUMBER,SALES_STATUS,VIEWS,CREATED_AT,UPDATED_AT,DELETED_AT,IS_DELETE) values (77,4,0,'국내 재배 유기농  하우스 바나나 무료배송','국내 재배 유기농  하우스 바나나!!
바나나 한 뭉치에 12~15송이 
껍질까지 먹어도 달아요~
농장 방문시 수확 체험 가능 7~8월 [한정]
충격 흡수 처리하여 배송해드려요~ 무료배송!!','전남 보성','Y',14000,60,'농협 12655-45-54945','available',5,to_timestamp('25/10/20 20:30:57.480000000','RR/MM/DD HH24:MI:SSXFF'),to_timestamp('25/10/20 20:30:57.480000000','RR/MM/DD HH24:MI:SSXFF'),null,'N');
Insert into GAGI.ITEMS (ID,USER_ID,CATEGORY_ID,TITLE,DESCRIPTION,DELIVERY,IS_DIRECT_DEAL,PRICE,AMOUNT,BANK_ACCOUNT_NUMBER,SALES_STATUS,VIEWS,CREATED_AT,UPDATED_AT,DELETED_AT,IS_DELETE) values (78,4,0,'유럽상추 1kg 섞어서 보내드려요 무료배송!!','유럽상추 1kg 섞어서 보내드려요~ 로메인, 버터에드, 꽃상추, 치커리, 컬리케일 5종을 제습처리하여 무료배송해드려요~
하우스 수경재배하여 1년 내내 최상의 품질로 재공해드려요~','충남 공주','Y',8900,45,'농협 15151-54-87852','available',3,to_timestamp('25/10/20 20:34:44.172000000','RR/MM/DD HH24:MI:SSXFF'),to_timestamp('25/10/20 20:34:44.172000000','RR/MM/DD HH24:MI:SSXFF'),null,'N');
Insert into GAGI.ITEMS (ID,USER_ID,CATEGORY_ID,TITLE,DESCRIPTION,DELIVERY,IS_DIRECT_DEAL,PRICE,AMOUNT,BANK_ACCOUNT_NUMBER,SALES_STATUS,VIEWS,CREATED_AT,UPDATED_AT,DELETED_AT,IS_DELETE) values (79,4,0,'열대과일','맛있는 열대과일 무료배송 3개 한묶음','대전 동구','Y',35000,35,'농협 40188-45-548942','available',1,to_timestamp('25/10/21 14:38:50.996000000','RR/MM/DD HH24:MI:SSXFF'),to_timestamp('25/10/21 14:38:50.996000000','RR/MM/DD HH24:MI:SSXFF'),null,'N');
REM INSERTING into GAGI.ITEM_IMAGES
SET DEFINE OFF;
Insert into GAGI.ITEM_IMAGES (ID,ITEM_ID,IMAGE_URL,SORT_ORDER,CREATED_AT,UPDATED_AT,FILENAME,UUID) values (1,1,'d:/upload/c91d11db-e242-4fb9-a2fe-a2525e73789b_사과.jpg',1,to_timestamp('25/09/05 19:50:08.181818000','RR/MM/DD HH24:MI:SSXFF'),to_timestamp('25/09/05 19:50:15.332000000','RR/MM/DD HH24:MI:SSXFF'),'c91d11db-e242-4fb9-a2fe-a2525e73789b_사과.jpg','c91d11db-e242-4fb9-a2fe-a2525e73789b');
Insert into GAGI.ITEM_IMAGES (ID,ITEM_ID,IMAGE_URL,SORT_ORDER,CREATED_AT,UPDATED_AT,FILENAME,UUID) values (2,1,'d:/upload/f72e4da5-5a86-4350-b61f-db0b4aee8385_사과2.jpg',2,to_timestamp('25/09/05 19:50:08.181818000','RR/MM/DD HH24:MI:SSXFF'),to_timestamp('25/09/05 19:50:15.332000000','RR/MM/DD HH24:MI:SSXFF'),'f72e4da5-5a86-4350-b61f-db0b4aee8385_사과2.jpg','f72e4da5-5a86-4350-b61f-db0b4aee8385');
Insert into GAGI.ITEM_IMAGES (ID,ITEM_ID,IMAGE_URL,SORT_ORDER,CREATED_AT,UPDATED_AT,FILENAME,UUID) values (85,67,'d:/upload/784b4a50-a24b-41d8-b3c6-72445bdb509emockup-graphics-haSJEJYzl5A-unsplash.jpg',2,to_timestamp('25/10/15 15:48:40.425000000','RR/MM/DD HH24:MI:SSXFF'),to_timestamp('25/10/15 15:48:40.425000000','RR/MM/DD HH24:MI:SSXFF'),'784b4a50-a24b-41d8-b3c6-72445bdb509e_mockup-graphics-haSJEJYzl5A-unsplash.jpg','784b4a50-a24b-41d8-b3c6-72445bdb509e');
Insert into GAGI.ITEM_IMAGES (ID,ITEM_ID,IMAGE_URL,SORT_ORDER,CREATED_AT,UPDATED_AT,FILENAME,UUID) values (86,67,'d:/upload/eb32b425-cadd-462d-a902-1de6dd8537afquaritsch-photography-3HhXWJzG5Ko-unsplash.jpg',2,to_timestamp('25/10/15 15:48:40.633000000','RR/MM/DD HH24:MI:SSXFF'),to_timestamp('25/10/15 15:48:40.633000000','RR/MM/DD HH24:MI:SSXFF'),'eb32b425-cadd-462d-a902-1de6dd8537af_quaritsch-photography-3HhXWJzG5Ko-unsplash.jpg','eb32b425-cadd-462d-a902-1de6dd8537af');
Insert into GAGI.ITEM_IMAGES (ID,ITEM_ID,IMAGE_URL,SORT_ORDER,CREATED_AT,UPDATED_AT,FILENAME,UUID) values (5,3,'/images/products/mackerel_1.jpg',1,to_timestamp('25/09/08 19:50:43.312425000','RR/MM/DD HH24:MI:SSXFF'),to_timestamp('25/09/05 19:50:47.698000000','RR/MM/DD HH24:MI:SSXFF'),'default_name.jpg',null);
Insert into GAGI.ITEM_IMAGES (ID,ITEM_ID,IMAGE_URL,SORT_ORDER,CREATED_AT,UPDATED_AT,FILENAME,UUID) values (6,3,'/images/products/mackerel_2.jpg',2,to_timestamp('25/09/08 19:50:43.312425000','RR/MM/DD HH24:MI:SSXFF'),to_timestamp('25/09/05 19:50:47.698000000','RR/MM/DD HH24:MI:SSXFF'),'default_name.jpg',null);
Insert into GAGI.ITEM_IMAGES (ID,ITEM_ID,IMAGE_URL,SORT_ORDER,CREATED_AT,UPDATED_AT,FILENAME,UUID) values (7,4,'/images/products/tomato 3',1,to_timestamp('25/09/11 19:40:02.000000000','RR/MM/DD HH24:MI:SSXFF'),to_timestamp('25/09/11 19:40:02.000000000','RR/MM/DD HH24:MI:SSXFF'),'default_name.jpg',null);
Insert into GAGI.ITEM_IMAGES (ID,ITEM_ID,IMAGE_URL,SORT_ORDER,CREATED_AT,UPDATED_AT,FILENAME,UUID) values (8,4,'/images/products/tomato 4',2,to_timestamp('25/09/11 19:40:02.000000000','RR/MM/DD HH24:MI:SSXFF'),to_timestamp('25/09/11 19:40:02.000000000','RR/MM/DD HH24:MI:SSXFF'),'default_name.jpg',null);
Insert into GAGI.ITEM_IMAGES (ID,ITEM_ID,IMAGE_URL,SORT_ORDER,CREATED_AT,UPDATED_AT,FILENAME,UUID) values (13,1,'/images/products/apple 3',2,to_timestamp('25/09/05 19:50:08.181818000','RR/MM/DD HH24:MI:SSXFF'),to_timestamp('25/09/05 19:50:15.332000000','RR/MM/DD HH24:MI:SSXFF'),'apple3',null);
Insert into GAGI.ITEM_IMAGES (ID,ITEM_ID,IMAGE_URL,SORT_ORDER,CREATED_AT,UPDATED_AT,FILENAME,UUID) values (101,67,'d:/upload/e62722a8-2fc0-4ff0-8725-6f95750c1e78mockup-graphics-haSJEJYzl5A-unsplash.jpg',2,to_timestamp('25/10/15 18:41:58.460000000','RR/MM/DD HH24:MI:SSXFF'),to_timestamp('25/10/15 18:41:58.460000000','RR/MM/DD HH24:MI:SSXFF'),'e62722a8-2fc0-4ff0-8725-6f95750c1e78_mockup-graphics-haSJEJYzl5A-unsplash.jpg','e62722a8-2fc0-4ff0-8725-6f95750c1e78');
Insert into GAGI.ITEM_IMAGES (ID,ITEM_ID,IMAGE_URL,SORT_ORDER,CREATED_AT,UPDATED_AT,FILENAME,UUID) values (102,66,'d:/upload/053fa940-7e6e-4a5d-b289-ed33a0110460_mockup-graphics-haSJEJYzl5A-unsplash.jpg',2,to_timestamp('25/10/15 20:07:49.214000000','RR/MM/DD HH24:MI:SSXFF'),to_timestamp('25/10/15 20:07:49.214000000','RR/MM/DD HH24:MI:SSXFF'),'053fa940-7e6e-4a5d-b289-ed33a0110460_mockup-graphics-haSJEJYzl5A-unsplash.jpg','053fa940-7e6e-4a5d-b289-ed33a0110460');
Insert into GAGI.ITEM_IMAGES (ID,ITEM_ID,IMAGE_URL,SORT_ORDER,CREATED_AT,UPDATED_AT,FILENAME,UUID) values (16,3,'/images/products/mackerel 3',1,to_timestamp('25/09/08 19:50:43.312425000','RR/MM/DD HH24:MI:SSXFF'),to_timestamp('25/09/05 19:50:47.698000000','RR/MM/DD HH24:MI:SSXFF'),'default_name.jpg',null);
Insert into GAGI.ITEM_IMAGES (ID,ITEM_ID,IMAGE_URL,SORT_ORDER,CREATED_AT,UPDATED_AT,FILENAME,UUID) values (17,3,'/images/products/mackerel 4',2,to_timestamp('25/09/08 19:50:43.312425000','RR/MM/DD HH24:MI:SSXFF'),to_timestamp('25/09/05 19:50:47.698000000','RR/MM/DD HH24:MI:SSXFF'),'default_name.jpg',null);
Insert into GAGI.ITEM_IMAGES (ID,ITEM_ID,IMAGE_URL,SORT_ORDER,CREATED_AT,UPDATED_AT,FILENAME,UUID) values (18,4,'/images/products/tomato 5',1,to_timestamp('25/09/11 19:40:02.000000000','RR/MM/DD HH24:MI:SSXFF'),to_timestamp('25/09/11 19:40:02.000000000','RR/MM/DD HH24:MI:SSXFF'),'default_name.jpg',null);
Insert into GAGI.ITEM_IMAGES (ID,ITEM_ID,IMAGE_URL,SORT_ORDER,CREATED_AT,UPDATED_AT,FILENAME,UUID) values (19,4,'/images/products/tomato 6',2,to_timestamp('25/09/11 19:40:02.000000000','RR/MM/DD HH24:MI:SSXFF'),to_timestamp('25/09/11 19:40:02.000000000','RR/MM/DD HH24:MI:SSXFF'),'default_name.jpg',null);
Insert into GAGI.ITEM_IMAGES (ID,ITEM_ID,IMAGE_URL,SORT_ORDER,CREATED_AT,UPDATED_AT,FILENAME,UUID) values (21,7,'/images/products/onion 1',1,to_timestamp('25/09/16 11:00:01.000000000','RR/MM/DD HH24:MI:SSXFF'),to_timestamp('25/09/16 11:00:01.000000000','RR/MM/DD HH24:MI:SSXFF'),'default_name.jpg',null);
Insert into GAGI.ITEM_IMAGES (ID,ITEM_ID,IMAGE_URL,SORT_ORDER,CREATED_AT,UPDATED_AT,FILENAME,UUID) values (22,8,'/images/products/flatfish 1',1,to_timestamp('25/09/16 11:00:43.000000000','RR/MM/DD HH24:MI:SSXFF'),to_timestamp('25/09/16 11:00:43.000000000','RR/MM/DD HH24:MI:SSXFF'),'default_name.jpg',null);
Insert into GAGI.ITEM_IMAGES (ID,ITEM_ID,IMAGE_URL,SORT_ORDER,CREATED_AT,UPDATED_AT,FILENAME,UUID) values (44,32,'d:/upload/b2d2a6b5-5503-4714-8b50-30e72ad5c3fc_watermelon.jpg',1,to_timestamp('25/10/02 13:11:12.329000000','RR/MM/DD HH24:MI:SSXFF'),to_timestamp('25/10/02 13:11:12.329000000','RR/MM/DD HH24:MI:SSXFF'),'b2d2a6b5-5503-4714-8b50-30e72ad5c3fc_watermelon.jpg',null);
Insert into GAGI.ITEM_IMAGES (ID,ITEM_ID,IMAGE_URL,SORT_ORDER,CREATED_AT,UPDATED_AT,FILENAME,UUID) values (103,60,'d:/upload/70cd634f-e2de-4aff-8f5c-d5813dd68405_honza-vojtek-A39EqNtDpZs-unsplash.jpg',2,to_timestamp('25/10/15 20:08:08.814000000','RR/MM/DD HH24:MI:SSXFF'),to_timestamp('25/10/15 20:08:08.814000000','RR/MM/DD HH24:MI:SSXFF'),'70cd634f-e2de-4aff-8f5c-d5813dd68405_honza-vojtek-A39EqNtDpZs-unsplash.jpg','70cd634f-e2de-4aff-8f5c-d5813dd68405');
Insert into GAGI.ITEM_IMAGES (ID,ITEM_ID,IMAGE_URL,SORT_ORDER,CREATED_AT,UPDATED_AT,FILENAME,UUID) values (45,32,'d:/upload/0c2b0201-adde-4153-b39f-be474fd9f6d3_레퍼런스.jpg',2,to_timestamp('25/10/02 13:11:12.332000000','RR/MM/DD HH24:MI:SSXFF'),to_timestamp('25/10/02 13:11:12.332000000','RR/MM/DD HH24:MI:SSXFF'),'0c2b0201-adde-4153-b39f-be474fd9f6d3_레퍼런스.jpg',null);
Insert into GAGI.ITEM_IMAGES (ID,ITEM_ID,IMAGE_URL,SORT_ORDER,CREATED_AT,UPDATED_AT,FILENAME,UUID) values (66,51,'d:/upload/08acf870-a34b-4d3a-bcaa-65d1300490f4경욱2.jpeg',2,to_timestamp('25/10/14 01:42:18.029000000','RR/MM/DD HH24:MI:SSXFF'),to_timestamp('25/10/14 01:42:18.029000000','RR/MM/DD HH24:MI:SSXFF'),'경욱2.jpeg','08acf870-a34b-4d3a-bcaa-65d1300490f4');
Insert into GAGI.ITEM_IMAGES (ID,ITEM_ID,IMAGE_URL,SORT_ORDER,CREATED_AT,UPDATED_AT,FILENAME,UUID) values (68,53,'d:/upload/4fc511e0-02ae-48ce-b70c-9f40082b58de경욱1.jpeg',2,to_timestamp('25/10/14 13:09:32.438000000','RR/MM/DD HH24:MI:SSXFF'),to_timestamp('25/10/14 13:09:32.438000000','RR/MM/DD HH24:MI:SSXFF'),'경욱1.jpeg','4fc511e0-02ae-48ce-b70c-9f40082b58de');
Insert into GAGI.ITEM_IMAGES (ID,ITEM_ID,IMAGE_URL,SORT_ORDER,CREATED_AT,UPDATED_AT,FILENAME,UUID) values (69,54,'d:/upload/d1fff4d0-7a13-41c8-b716-1818357d461d지환1.jpeg',2,to_timestamp('25/10/14 13:14:09.930000000','RR/MM/DD HH24:MI:SSXFF'),to_timestamp('25/10/14 13:14:09.930000000','RR/MM/DD HH24:MI:SSXFF'),'지환1.jpeg','d1fff4d0-7a13-41c8-b716-1818357d461d');
Insert into GAGI.ITEM_IMAGES (ID,ITEM_ID,IMAGE_URL,SORT_ORDER,CREATED_AT,UPDATED_AT,FILENAME,UUID) values (70,55,'d:/upload/fc6083dd-1478-440c-a97e-93bd16ae4c6esiteMap1.1.jpg',2,to_timestamp('25/10/14 16:54:28.885000000','RR/MM/DD HH24:MI:SSXFF'),to_timestamp('25/10/14 16:54:28.885000000','RR/MM/DD HH24:MI:SSXFF'),'siteMap1.1.jpg','fc6083dd-1478-440c-a97e-93bd16ae4c6e');
Insert into GAGI.ITEM_IMAGES (ID,ITEM_ID,IMAGE_URL,SORT_ORDER,CREATED_AT,UPDATED_AT,FILENAME,UUID) values (71,56,'d:/upload/86d615d6-7833-47cd-af9e-f1f2187441dd경욱1.jpeg',2,to_timestamp('25/10/14 16:57:34.038000000','RR/MM/DD HH24:MI:SSXFF'),to_timestamp('25/10/14 16:57:34.038000000','RR/MM/DD HH24:MI:SSXFF'),'86d615d6-7833-47cd-af9e-f1f2187441dd_경욱1.jpeg','86d615d6-7833-47cd-af9e-f1f2187441dd');
Insert into GAGI.ITEM_IMAGES (ID,ITEM_ID,IMAGE_URL,SORT_ORDER,CREATED_AT,UPDATED_AT,FILENAME,UUID) values (76,59,'d:/upload/31565bb5-5422-4ad7-8f09-880b8e0b0133anton-darius-FCrgmqqvl-w-unsplash.jpg',2,to_timestamp('25/10/14 20:35:14.567000000','RR/MM/DD HH24:MI:SSXFF'),to_timestamp('25/10/14 20:35:14.567000000','RR/MM/DD HH24:MI:SSXFF'),'31565bb5-5422-4ad7-8f09-880b8e0b0133_anton-darius-FCrgmqqvl-w-unsplash.jpg','31565bb5-5422-4ad7-8f09-880b8e0b0133');
Insert into GAGI.ITEM_IMAGES (ID,ITEM_ID,IMAGE_URL,SORT_ORDER,CREATED_AT,UPDATED_AT,FILENAME,UUID) values (77,60,'d:/upload/00158ccb-2221-4361-923f-e4060bf17d94fernando-andrade-nAOZCYcLND8-unsplash.jpg',2,to_timestamp('25/10/14 21:04:39.233000000','RR/MM/DD HH24:MI:SSXFF'),to_timestamp('25/10/14 21:04:39.233000000','RR/MM/DD HH24:MI:SSXFF'),'00158ccb-2221-4361-923f-e4060bf17d94_fernando-andrade-nAOZCYcLND8-unsplash.jpg','00158ccb-2221-4361-923f-e4060bf17d94');
Insert into GAGI.ITEM_IMAGES (ID,ITEM_ID,IMAGE_URL,SORT_ORDER,CREATED_AT,UPDATED_AT,FILENAME,UUID) values (74,58,'d:/upload/63dd86b9-f3ad-40c3-a049-18381b8b1e08경욱1.jpeg',2,to_timestamp('25/10/14 20:12:17.113000000','RR/MM/DD HH24:MI:SSXFF'),to_timestamp('25/10/14 20:12:17.113000000','RR/MM/DD HH24:MI:SSXFF'),'63dd86b9-f3ad-40c3-a049-18381b8b1e08_경욱1.jpeg','63dd86b9-f3ad-40c3-a049-18381b8b1e08');
Insert into GAGI.ITEM_IMAGES (ID,ITEM_ID,IMAGE_URL,SORT_ORDER,CREATED_AT,UPDATED_AT,FILENAME,UUID) values (75,59,'d:/upload/bcef6430-49a6-42a8-a661-e870eb4ba0f1allec-gomes-xnRg3xDcNnE-unsplash.jpg',2,to_timestamp('25/10/14 20:35:14.567000000','RR/MM/DD HH24:MI:SSXFF'),to_timestamp('25/10/14 20:35:14.567000000','RR/MM/DD HH24:MI:SSXFF'),'bcef6430-49a6-42a8-a661-e870eb4ba0f1_allec-gomes-xnRg3xDcNnE-unsplash.jpg','bcef6430-49a6-42a8-a661-e870eb4ba0f1');
Insert into GAGI.ITEM_IMAGES (ID,ITEM_ID,IMAGE_URL,SORT_ORDER,CREATED_AT,UPDATED_AT,FILENAME,UUID) values (82,65,'d:/upload/4a9dfa55-9c16-4720-8186-682f79e28726giorgio-trovato-fczCr7MdE7U-unsplash.jpg',2,to_timestamp('25/10/15 14:41:38.000000000','RR/MM/DD HH24:MI:SSXFF'),to_timestamp('25/10/15 14:41:38.000000000','RR/MM/DD HH24:MI:SSXFF'),'4a9dfa55-9c16-4720-8186-682f79e28726_giorgio-trovato-fczCr7MdE7U-unsplash.jpg','4a9dfa55-9c16-4720-8186-682f79e28726');
Insert into GAGI.ITEM_IMAGES (ID,ITEM_ID,IMAGE_URL,SORT_ORDER,CREATED_AT,UPDATED_AT,FILENAME,UUID) values (83,65,'d:/upload/623e2846-5a8b-4b0d-9140-0475a80f381amockup-graphics-jHcKq383ibg-unsplash.jpg',2,to_timestamp('25/10/15 14:41:38.000000000','RR/MM/DD HH24:MI:SSXFF'),to_timestamp('25/10/15 14:41:38.000000000','RR/MM/DD HH24:MI:SSXFF'),'623e2846-5a8b-4b0d-9140-0475a80f381a_mockup-graphics-jHcKq383ibg-unsplash.jpg','623e2846-5a8b-4b0d-9140-0475a80f381a');
Insert into GAGI.ITEM_IMAGES (ID,ITEM_ID,IMAGE_URL,SORT_ORDER,CREATED_AT,UPDATED_AT,FILENAME,UUID) values (84,66,'d:/upload/afd060f9-3ead-4e2a-bcc9-fe2fbd2a3cc1bon-vivant-Ooj1c6fhdFM-unsplash.jpg',2,to_timestamp('25/10/15 15:31:52.419000000','RR/MM/DD HH24:MI:SSXFF'),to_timestamp('25/10/15 15:31:52.419000000','RR/MM/DD HH24:MI:SSXFF'),'afd060f9-3ead-4e2a-bcc9-fe2fbd2a3cc1_bon-vivant-Ooj1c6fhdFM-unsplash.jpg','afd060f9-3ead-4e2a-bcc9-fe2fbd2a3cc1');
Insert into GAGI.ITEM_IMAGES (ID,ITEM_ID,IMAGE_URL,SORT_ORDER,CREATED_AT,UPDATED_AT,FILENAME,UUID) values (104,60,'d:/upload/e281a392-bba9-440f-8de8-faf82a4fbd05_mockup-graphics-XiWQbLEhFyo-unsplash.jpg',2,to_timestamp('25/10/15 20:08:08.830000000','RR/MM/DD HH24:MI:SSXFF'),to_timestamp('25/10/15 20:08:08.830000000','RR/MM/DD HH24:MI:SSXFF'),'e281a392-bba9-440f-8de8-faf82a4fbd05_mockup-graphics-XiWQbLEhFyo-unsplash.jpg','e281a392-bba9-440f-8de8-faf82a4fbd05');
Insert into GAGI.ITEM_IMAGES (ID,ITEM_ID,IMAGE_URL,SORT_ORDER,CREATED_AT,UPDATED_AT,FILENAME,UUID) values (105,59,'d:/upload/a903a59f-4502-4de3-aa14-2be10631d4ba_giorgio-trovato-fczCr7MdE7U-unsplash.jpg',2,to_timestamp('25/10/15 20:10:40.759000000','RR/MM/DD HH24:MI:SSXFF'),to_timestamp('25/10/15 20:10:40.759000000','RR/MM/DD HH24:MI:SSXFF'),'a903a59f-4502-4de3-aa14-2be10631d4ba_giorgio-trovato-fczCr7MdE7U-unsplash.jpg','a903a59f-4502-4de3-aa14-2be10631d4ba');
Insert into GAGI.ITEM_IMAGES (ID,ITEM_ID,IMAGE_URL,SORT_ORDER,CREATED_AT,UPDATED_AT,FILENAME,UUID) values (106,68,'d:/upload/71c77cf9-31f8-4294-9a28-38f852586504bartlomiej-jacak-iceEanqk6BQ-unsplash.jpg',2,to_timestamp('25/10/15 20:11:34.456000000','RR/MM/DD HH24:MI:SSXFF'),to_timestamp('25/10/15 20:11:34.456000000','RR/MM/DD HH24:MI:SSXFF'),'71c77cf9-31f8-4294-9a28-38f852586504_bartlomiej-jacak-iceEanqk6BQ-unsplash.jpg','71c77cf9-31f8-4294-9a28-38f852586504');
Insert into GAGI.ITEM_IMAGES (ID,ITEM_ID,IMAGE_URL,SORT_ORDER,CREATED_AT,UPDATED_AT,FILENAME,UUID) values (107,68,'d:/upload/31ae3c43-f0c8-4956-9a7b-91b9e186a0f4_quaritsch-photography-3HhXWJzG5Ko-unsplash.jpg',2,to_timestamp('25/10/15 20:11:49.506000000','RR/MM/DD HH24:MI:SSXFF'),to_timestamp('25/10/15 20:11:49.506000000','RR/MM/DD HH24:MI:SSXFF'),'31ae3c43-f0c8-4956-9a7b-91b9e186a0f4_quaritsch-photography-3HhXWJzG5Ko-unsplash.jpg','31ae3c43-f0c8-4956-9a7b-91b9e186a0f4');
Insert into GAGI.ITEM_IMAGES (ID,ITEM_ID,IMAGE_URL,SORT_ORDER,CREATED_AT,UPDATED_AT,FILENAME,UUID) values (108,69,'d:/upload/6002fbd3-1473-48da-9e9b-96db2712a95dquaritsch-photography-3HhXWJzG5Ko-unsplash.jpg',2,to_timestamp('25/10/15 20:12:18.769000000','RR/MM/DD HH24:MI:SSXFF'),to_timestamp('25/10/15 20:12:18.769000000','RR/MM/DD HH24:MI:SSXFF'),'6002fbd3-1473-48da-9e9b-96db2712a95d_quaritsch-photography-3HhXWJzG5Ko-unsplash.jpg','6002fbd3-1473-48da-9e9b-96db2712a95d');
Insert into GAGI.ITEM_IMAGES (ID,ITEM_ID,IMAGE_URL,SORT_ORDER,CREATED_AT,UPDATED_AT,FILENAME,UUID) values (109,69,'d:/upload/214b252d-83dc-4689-8648-845aac44462dhonza-vojtek-A39EqNtDpZs-unsplash.jpg',2,to_timestamp('25/10/15 20:12:18.780000000','RR/MM/DD HH24:MI:SSXFF'),to_timestamp('25/10/15 20:12:18.780000000','RR/MM/DD HH24:MI:SSXFF'),'214b252d-83dc-4689-8648-845aac44462d_honza-vojtek-A39EqNtDpZs-unsplash.jpg','214b252d-83dc-4689-8648-845aac44462d');
Insert into GAGI.ITEM_IMAGES (ID,ITEM_ID,IMAGE_URL,SORT_ORDER,CREATED_AT,UPDATED_AT,FILENAME,UUID) values (128,72,'d:/upload/6d7eb721-729a-4835-bc83-a353becc12eb_고등어.jpg',2,to_timestamp('25/10/20 20:14:15.072000000','RR/MM/DD HH24:MI:SSXFF'),to_timestamp('25/10/20 20:14:15.072000000','RR/MM/DD HH24:MI:SSXFF'),'6d7eb721-729a-4835-bc83-a353becc12eb_고등어.jpg','6d7eb721-729a-4835-bc83-a353becc12eb');
Insert into GAGI.ITEM_IMAGES (ID,ITEM_ID,IMAGE_URL,SORT_ORDER,CREATED_AT,UPDATED_AT,FILENAME,UUID) values (129,72,'d:/upload/3aabc874-f675-4f06-a76d-7cbc7254449a_고등어2.jpg',1,to_timestamp('25/10/20 20:14:15.078000000','RR/MM/DD HH24:MI:SSXFF'),to_timestamp('25/10/20 20:14:15.078000000','RR/MM/DD HH24:MI:SSXFF'),'3aabc874-f675-4f06-a76d-7cbc7254449a_고등어2.jpg','3aabc874-f675-4f06-a76d-7cbc7254449a');
Insert into GAGI.ITEM_IMAGES (ID,ITEM_ID,IMAGE_URL,SORT_ORDER,CREATED_AT,UPDATED_AT,FILENAME,UUID) values (130,75,'d:/upload/7181e8fb-f608-4e45-b5b4-8b1b88542124딸기.jpg',2,to_timestamp('25/10/20 20:17:08.404000000','RR/MM/DD HH24:MI:SSXFF'),to_timestamp('25/10/20 20:17:08.404000000','RR/MM/DD HH24:MI:SSXFF'),'7181e8fb-f608-4e45-b5b4-8b1b88542124_딸기.jpg','7181e8fb-f608-4e45-b5b4-8b1b88542124');
Insert into GAGI.ITEM_IMAGES (ID,ITEM_ID,IMAGE_URL,SORT_ORDER,CREATED_AT,UPDATED_AT,FILENAME,UUID) values (114,1,'d:/upload/68a34b22-9d35-4aed-80b3-2f8dda0ec263_banana.png',2,to_timestamp('25/10/15 21:12:48.453000000','RR/MM/DD HH24:MI:SSXFF'),to_timestamp('25/10/15 21:12:48.453000000','RR/MM/DD HH24:MI:SSXFF'),'68a34b22-9d35-4aed-80b3-2f8dda0ec263_banana.png','68a34b22-9d35-4aed-80b3-2f8dda0ec263');
Insert into GAGI.ITEM_IMAGES (ID,ITEM_ID,IMAGE_URL,SORT_ORDER,CREATED_AT,UPDATED_AT,FILENAME,UUID) values (115,1,'d:/upload/3f591ae9-2259-434f-a32e-f4893c7013f7_meat.png',2,to_timestamp('25/10/15 21:13:17.012000000','RR/MM/DD HH24:MI:SSXFF'),to_timestamp('25/10/15 21:13:17.012000000','RR/MM/DD HH24:MI:SSXFF'),'3f591ae9-2259-434f-a32e-f4893c7013f7_meat.png','3f591ae9-2259-434f-a32e-f4893c7013f7');
Insert into GAGI.ITEM_IMAGES (ID,ITEM_ID,IMAGE_URL,SORT_ORDER,CREATED_AT,UPDATED_AT,FILENAME,UUID) values (126,73,'d:/upload/13157463-5a79-40f4-a737-e779749799ba블루베리2.jpg',2,to_timestamp('25/10/20 20:03:21.395000000','RR/MM/DD HH24:MI:SSXFF'),to_timestamp('25/10/20 20:03:21.395000000','RR/MM/DD HH24:MI:SSXFF'),'13157463-5a79-40f4-a737-e779749799ba_블루베리2.jpg','13157463-5a79-40f4-a737-e779749799ba');
Insert into GAGI.ITEM_IMAGES (ID,ITEM_ID,IMAGE_URL,SORT_ORDER,CREATED_AT,UPDATED_AT,FILENAME,UUID) values (127,73,'d:/upload/19a5a8ba-f1cc-45f1-a81a-c8a3d9f70e73블루베리.jpg',2,to_timestamp('25/10/20 20:03:21.395000000','RR/MM/DD HH24:MI:SSXFF'),to_timestamp('25/10/20 20:03:21.395000000','RR/MM/DD HH24:MI:SSXFF'),'19a5a8ba-f1cc-45f1-a81a-c8a3d9f70e73_블루베리.jpg','19a5a8ba-f1cc-45f1-a81a-c8a3d9f70e73');
Insert into GAGI.ITEM_IMAGES (ID,ITEM_ID,IMAGE_URL,SORT_ORDER,CREATED_AT,UPDATED_AT,FILENAME,UUID) values (131,75,'d:/upload/469d165b-7988-492c-b140-cedd877785cf딸기2.jpg',1,to_timestamp('25/10/20 20:17:08.410000000','RR/MM/DD HH24:MI:SSXFF'),to_timestamp('25/10/20 20:17:08.410000000','RR/MM/DD HH24:MI:SSXFF'),'469d165b-7988-492c-b140-cedd877785cf_딸기2.jpg','469d165b-7988-492c-b140-cedd877785cf');
Insert into GAGI.ITEM_IMAGES (ID,ITEM_ID,IMAGE_URL,SORT_ORDER,CREATED_AT,UPDATED_AT,FILENAME,UUID) values (132,76,'d:/upload/fca05604-aaf4-4a68-802b-694b82392cfa토마호크.jpg',1,to_timestamp('25/10/20 20:27:01.783000000','RR/MM/DD HH24:MI:SSXFF'),to_timestamp('25/10/20 20:27:01.783000000','RR/MM/DD HH24:MI:SSXFF'),'fca05604-aaf4-4a68-802b-694b82392cfa_토마호크.jpg','fca05604-aaf4-4a68-802b-694b82392cfa');
Insert into GAGI.ITEM_IMAGES (ID,ITEM_ID,IMAGE_URL,SORT_ORDER,CREATED_AT,UPDATED_AT,FILENAME,UUID) values (120,71,'d:/upload/3ce1a17f-491c-49af-bac0-a170d0015307스크린샷 2025-09-16 155206.png',1,to_timestamp('25/10/17 12:47:23.057000000','RR/MM/DD HH24:MI:SSXFF'),to_timestamp('25/10/17 12:47:23.057000000','RR/MM/DD HH24:MI:SSXFF'),'3ce1a17f-491c-49af-bac0-a170d0015307_스크린샷 2025-09-16 155206.png','3ce1a17f-491c-49af-bac0-a170d0015307');
Insert into GAGI.ITEM_IMAGES (ID,ITEM_ID,IMAGE_URL,SORT_ORDER,CREATED_AT,UPDATED_AT,FILENAME,UUID) values (133,76,'d:/upload/dabdff61-ad06-4df5-b70d-9b3991d6a5df토마호크2.jpg',2,to_timestamp('25/10/20 20:27:01.783000000','RR/MM/DD HH24:MI:SSXFF'),to_timestamp('25/10/20 20:27:01.783000000','RR/MM/DD HH24:MI:SSXFF'),'dabdff61-ad06-4df5-b70d-9b3991d6a5df_토마호크2.jpg','dabdff61-ad06-4df5-b70d-9b3991d6a5df');
Insert into GAGI.ITEM_IMAGES (ID,ITEM_ID,IMAGE_URL,SORT_ORDER,CREATED_AT,UPDATED_AT,FILENAME,UUID) values (134,77,'d:/upload/8f9f4c91-e349-4907-93c3-45e45a8656a0바나나.jpg',1,to_timestamp('25/10/20 20:30:57.493000000','RR/MM/DD HH24:MI:SSXFF'),to_timestamp('25/10/20 20:30:57.493000000','RR/MM/DD HH24:MI:SSXFF'),'8f9f4c91-e349-4907-93c3-45e45a8656a0_바나나.jpg','8f9f4c91-e349-4907-93c3-45e45a8656a0');
Insert into GAGI.ITEM_IMAGES (ID,ITEM_ID,IMAGE_URL,SORT_ORDER,CREATED_AT,UPDATED_AT,FILENAME,UUID) values (135,77,'d:/upload/f0029174-1ea6-448d-8ee0-acb2a7cbeedc바나나2.jpg',2,to_timestamp('25/10/20 20:30:57.493000000','RR/MM/DD HH24:MI:SSXFF'),to_timestamp('25/10/20 20:30:57.493000000','RR/MM/DD HH24:MI:SSXFF'),'f0029174-1ea6-448d-8ee0-acb2a7cbeedc_바나나2.jpg','f0029174-1ea6-448d-8ee0-acb2a7cbeedc');
Insert into GAGI.ITEM_IMAGES (ID,ITEM_ID,IMAGE_URL,SORT_ORDER,CREATED_AT,UPDATED_AT,FILENAME,UUID) values (136,78,'d:/upload/aac27902-1ac1-4f77-a2e3-feefee2c3f14유럽상추2.jpg',1,to_timestamp('25/10/20 20:34:44.182000000','RR/MM/DD HH24:MI:SSXFF'),to_timestamp('25/10/20 20:34:44.182000000','RR/MM/DD HH24:MI:SSXFF'),'aac27902-1ac1-4f77-a2e3-feefee2c3f14_유럽상추2.jpg','aac27902-1ac1-4f77-a2e3-feefee2c3f14');
Insert into GAGI.ITEM_IMAGES (ID,ITEM_ID,IMAGE_URL,SORT_ORDER,CREATED_AT,UPDATED_AT,FILENAME,UUID) values (137,78,'d:/upload/24132c52-c902-4385-b0e0-ea108801bd91유럽상추.jpg',2,to_timestamp('25/10/20 20:34:44.190000000','RR/MM/DD HH24:MI:SSXFF'),to_timestamp('25/10/20 20:34:44.190000000','RR/MM/DD HH24:MI:SSXFF'),'24132c52-c902-4385-b0e0-ea108801bd91_유럽상추.jpg','24132c52-c902-4385-b0e0-ea108801bd91');
Insert into GAGI.ITEM_IMAGES (ID,ITEM_ID,IMAGE_URL,SORT_ORDER,CREATED_AT,UPDATED_AT,FILENAME,UUID) values (139,79,'d:/upload/785b0ac6-090b-4078-97a1-df251a5bbf9emockup-graphics-haSJEJYzl5A-unsplash.jpg',2,to_timestamp('25/10/21 14:38:51.220000000','RR/MM/DD HH24:MI:SSXFF'),to_timestamp('25/10/21 14:38:51.220000000','RR/MM/DD HH24:MI:SSXFF'),'785b0ac6-090b-4078-97a1-df251a5bbf9e_mockup-graphics-haSJEJYzl5A-unsplash.jpg','785b0ac6-090b-4078-97a1-df251a5bbf9e');
Insert into GAGI.ITEM_IMAGES (ID,ITEM_ID,IMAGE_URL,SORT_ORDER,CREATED_AT,UPDATED_AT,FILENAME,UUID) values (140,79,'d:/upload/13f4584c-5413-468c-b834-a076a7db3490_mockup-graphics-jHcKq383ibg-unsplash.jpg',1,to_timestamp('25/10/21 14:39:16.505000000','RR/MM/DD HH24:MI:SSXFF'),to_timestamp('25/10/21 14:39:16.505000000','RR/MM/DD HH24:MI:SSXFF'),'13f4584c-5413-468c-b834-a076a7db3490_mockup-graphics-jHcKq383ibg-unsplash.jpg','13f4584c-5413-468c-b834-a076a7db3490');
REM INSERTING into GAGI.MYCART
SET DEFINE OFF;
Insert into GAGI.MYCART (ID,USER_ID,ITEM_ID,QUANTITY,CREATED_AT,UPDATED_AT) values (100,4,76,1,to_timestamp('25/10/21 18:06:28.569000000','RR/MM/DD HH24:MI:SSXFF'),to_timestamp('25/10/21 18:06:28.569000000','RR/MM/DD HH24:MI:SSXFF'));
REM INSERTING into GAGI.NOTICES
SET DEFINE OFF;
Insert into GAGI.NOTICES (ID,TITLE,CONTENT,VISIBLE,POSTED_AT,EXPIRES_AT,ADMIN_ID,CREATED_AT,UPDATED_AT) values (0,'uyhjfg','hgf','Y',null,null,0,to_timestamp('25/10/21 19:38:16.858000000','RR/MM/DD HH24:MI:SSXFF'),to_timestamp('25/10/21 19:38:16.858000000','RR/MM/DD HH24:MI:SSXFF'));
Insert into GAGI.NOTICES (ID,TITLE,CONTENT,VISIBLE,POSTED_AT,EXPIRES_AT,ADMIN_ID,CREATED_AT,UPDATED_AT) values (1,'ter','ert','Y',null,null,0,to_timestamp('25/10/21 19:55:08.606000000','RR/MM/DD HH24:MI:SSXFF'),to_timestamp('25/10/21 19:55:08.606000000','RR/MM/DD HH24:MI:SSXFF'));
Insert into GAGI.NOTICES (ID,TITLE,CONTENT,VISIBLE,POSTED_AT,EXPIRES_AT,ADMIN_ID,CREATED_AT,UPDATED_AT) values (2,'gfd','gdfg','Y',null,null,0,to_timestamp('25/10/21 19:57:43.155000000','RR/MM/DD HH24:MI:SSXFF'),to_timestamp('25/10/21 19:57:43.155000000','RR/MM/DD HH24:MI:SSXFF'));
Insert into GAGI.NOTICES (ID,TITLE,CONTENT,VISIBLE,POSTED_AT,EXPIRES_AT,ADMIN_ID,CREATED_AT,UPDATED_AT) values (3,'fsd','fds','Y',null,null,0,to_timestamp('25/10/21 20:04:25.393000000','RR/MM/DD HH24:MI:SSXFF'),to_timestamp('25/10/21 20:04:25.393000000','RR/MM/DD HH24:MI:SSXFF'));
Insert into GAGI.NOTICES (ID,TITLE,CONTENT,VISIBLE,POSTED_AT,EXPIRES_AT,ADMIN_ID,CREATED_AT,UPDATED_AT) values (4,'vxc','xcv','Y',null,null,0,to_timestamp('25/10/21 20:07:16.329000000','RR/MM/DD HH24:MI:SSXFF'),to_timestamp('25/10/21 20:07:16.329000000','RR/MM/DD HH24:MI:SSXFF'));
REM INSERTING into GAGI.ORDERS
SET DEFINE OFF;
Insert into GAGI.ORDERS (ID,USER_ID,ITEM_ID,PRICE,AMOUNT,TOTAL_PRICE,TRANSACTION_TYPE,PAYMENT_METHOD,RECIPIENT_NAME,RECIPIENT_PHONE,DELIVERY_ZIPCODE,DELIVERY_ADDRESS_MAIN,DELIVERY_ADDRESS_DETAIL,DELIVERY_MEMO,CREATED_AT,UPDATED_AT,ORDER_STATUS) values (20,4,1,10000,2,20000,'배송','계좌이체','이영준','4567','67495','서울 용산구','201호','없음',to_timestamp('25/10/14 11:09:27.433000000','RR/MM/DD HH24:MI:SSXFF'),to_timestamp('25/10/14 11:09:27.433000000','RR/MM/DD HH24:MI:SSXFF'),'취소');
Insert into GAGI.ORDERS (ID,USER_ID,ITEM_ID,PRICE,AMOUNT,TOTAL_PRICE,TRANSACTION_TYPE,PAYMENT_METHOD,RECIPIENT_NAME,RECIPIENT_PHONE,DELIVERY_ZIPCODE,DELIVERY_ADDRESS_MAIN,DELIVERY_ADDRESS_DETAIL,DELIVERY_MEMO,CREATED_AT,UPDATED_AT,ORDER_STATUS) values (21,18,76,25000,1,25000,'배송','간편결제','이름','01035681573','46031','부산 기장군 장안읍 판곡길 4','132',null,to_timestamp('25/10/21 15:18:52.000000000','RR/MM/DD HH24:MI:SSXFF'),to_timestamp('25/10/21 15:18:52.000000000','RR/MM/DD HH24:MI:SSXFF'),'입금완료');
Insert into GAGI.ORDERS (ID,USER_ID,ITEM_ID,PRICE,AMOUNT,TOTAL_PRICE,TRANSACTION_TYPE,PAYMENT_METHOD,RECIPIENT_NAME,RECIPIENT_PHONE,DELIVERY_ZIPCODE,DELIVERY_ADDRESS_MAIN,DELIVERY_ADDRESS_DETAIL,DELIVERY_MEMO,CREATED_AT,UPDATED_AT,ORDER_STATUS) values (22,18,77,14000,2,28000,'배송','간편결제','이름','01035681573','46031','부산 기장군 장안읍 판곡길 4','132',null,to_timestamp('25/10/21 15:18:52.000000000','RR/MM/DD HH24:MI:SSXFF'),to_timestamp('25/10/21 15:18:52.000000000','RR/MM/DD HH24:MI:SSXFF'),'입금완료');
Insert into GAGI.ORDERS (ID,USER_ID,ITEM_ID,PRICE,AMOUNT,TOTAL_PRICE,TRANSACTION_TYPE,PAYMENT_METHOD,RECIPIENT_NAME,RECIPIENT_PHONE,DELIVERY_ZIPCODE,DELIVERY_ADDRESS_MAIN,DELIVERY_ADDRESS_DETAIL,DELIVERY_MEMO,CREATED_AT,UPDATED_AT,ORDER_STATUS) values (17,4,4,8000,2,16000,'배송','카드','테스트','1234','12345','서울특별시 강남구 테헤란로 1','101호','문 앞에 놔주세요',to_timestamp('25/09/18 15:16:53.072000000','RR/MM/DD HH24:MI:SSXFF'),to_timestamp('25/09/18 15:16:53.072000000','RR/MM/DD HH24:MI:SSXFF'),'입금준비');
Insert into GAGI.ORDERS (ID,USER_ID,ITEM_ID,PRICE,AMOUNT,TOTAL_PRICE,TRANSACTION_TYPE,PAYMENT_METHOD,RECIPIENT_NAME,RECIPIENT_PHONE,DELIVERY_ZIPCODE,DELIVERY_ADDRESS_MAIN,DELIVERY_ADDRESS_DETAIL,DELIVERY_MEMO,CREATED_AT,UPDATED_AT,ORDER_STATUS) values (18,1,7,22000,3,66000,'배송','카드','테스트','1234','12345','서울특별시 강남구 테헤란로 1','101호','문 앞에 놔주세요',to_timestamp('25/09/18 15:16:55.906000000','RR/MM/DD HH24:MI:SSXFF'),to_timestamp('25/09/18 15:16:55.906000000','RR/MM/DD HH24:MI:SSXFF'),'취소');
Insert into GAGI.ORDERS (ID,USER_ID,ITEM_ID,PRICE,AMOUNT,TOTAL_PRICE,TRANSACTION_TYPE,PAYMENT_METHOD,RECIPIENT_NAME,RECIPIENT_PHONE,DELIVERY_ZIPCODE,DELIVERY_ADDRESS_MAIN,DELIVERY_ADDRESS_DETAIL,DELIVERY_MEMO,CREATED_AT,UPDATED_AT,ORDER_STATUS) values (19,1,19,60000,2,120000,'직거래','계좌이체','테스트','1234','25333','강원도 횡성군 횡성읍 한우로','100번지','없음',to_timestamp('25/09/18 15:16:59.852000000','RR/MM/DD HH24:MI:SSXFF'),to_timestamp('25/09/18 15:16:59.852000000','RR/MM/DD HH24:MI:SSXFF'),'취소');
Insert into GAGI.ORDERS (ID,USER_ID,ITEM_ID,PRICE,AMOUNT,TOTAL_PRICE,TRANSACTION_TYPE,PAYMENT_METHOD,RECIPIENT_NAME,RECIPIENT_PHONE,DELIVERY_ZIPCODE,DELIVERY_ADDRESS_MAIN,DELIVERY_ADDRESS_DETAIL,DELIVERY_MEMO,CREATED_AT,UPDATED_AT,ORDER_STATUS) values (23,4,8,45000,1,45000,'배송','간편결제','임경수','01011111111','28124','충북 청주시 청원구 오창읍 오창중앙로 62','여기인가',null,to_timestamp('25/10/21 17:52:21.000000000','RR/MM/DD HH24:MI:SSXFF'),to_timestamp('25/10/21 17:52:21.000000000','RR/MM/DD HH24:MI:SSXFF'),'입금완료');
Insert into GAGI.ORDERS (ID,USER_ID,ITEM_ID,PRICE,AMOUNT,TOTAL_PRICE,TRANSACTION_TYPE,PAYMENT_METHOD,RECIPIENT_NAME,RECIPIENT_PHONE,DELIVERY_ZIPCODE,DELIVERY_ADDRESS_MAIN,DELIVERY_ADDRESS_DETAIL,DELIVERY_MEMO,CREATED_AT,UPDATED_AT,ORDER_STATUS) values (24,4,72,14000,1,14000,'배송','간편결제','임경수','01011111111','28124','충북 청주시 청원구 오창읍 오창중앙로 62','여기인가',null,to_timestamp('25/10/21 17:52:21.000000000','RR/MM/DD HH24:MI:SSXFF'),to_timestamp('25/10/21 17:52:21.000000000','RR/MM/DD HH24:MI:SSXFF'),'입금완료');
Insert into GAGI.ORDERS (ID,USER_ID,ITEM_ID,PRICE,AMOUNT,TOTAL_PRICE,TRANSACTION_TYPE,PAYMENT_METHOD,RECIPIENT_NAME,RECIPIENT_PHONE,DELIVERY_ZIPCODE,DELIVERY_ADDRESS_MAIN,DELIVERY_ADDRESS_DETAIL,DELIVERY_MEMO,CREATED_AT,UPDATED_AT,ORDER_STATUS) values (25,4,53,1000000,1,1000000,'배송','간편결제','임경수','01011111111','28124','충북 청주시 청원구 오창읍 오창중앙로 62','여기인가',null,to_timestamp('25/10/21 17:52:21.000000000','RR/MM/DD HH24:MI:SSXFF'),to_timestamp('25/10/21 17:52:21.000000000','RR/MM/DD HH24:MI:SSXFF'),'입금완료');
REM INSERTING into GAGI.REPLIES
SET DEFINE OFF;
REM INSERTING into GAGI.REPORTS
SET DEFINE OFF;
REM INSERTING into GAGI.REVIEWS
SET DEFINE OFF;
Insert into GAGI.REVIEWS (ID,ORDER_ITEM_ID,REVIEWER_ID,TARGET_ID,RATING_NUMBER,COMMENT_TEXT,CREATED_AT,UPDATED_AT) values (8,0,1,7,4,'fsd',to_timestamp('25/10/17 10:28:37.000000000','RR/MM/DD HH24:MI:SSXFF'),to_timestamp('25/10/17 10:28:37.000000000','RR/MM/DD HH24:MI:SSXFF'));
REM INSERTING into GAGI.SELECTLIST
SET DEFINE OFF;
REM INSERTING into GAGI.USERS
SET DEFINE OFF;
Insert into GAGI.USERS (ID,USERNAME,EMAIL,PASSWORD,PHONE,USER_TYPE,LOGIN_TYPE,PROVIDER_ID,PROFILE_IMAGE,STATUS,CREATED_AT,UPDATED_AT,NICKNAME) values (1,'test','test@gmail.com','$2a$10$fpb8ztqDqny0h37BzxZ77eO.jSRUpZiysR0VN4LIyCtbVv5UdnWjC','010-9876-1234 ','buyer','local',null,null,'active',to_timestamp('25/09/08 13:23:37.137000000','RR/MM/DD HH24:MI:SSXFF'),to_timestamp('25/09/08 13:23:37.137000000','RR/MM/DD HH24:MI:SSXFF'),'test');
Insert into GAGI.USERS (ID,USERNAME,EMAIL,PASSWORD,PHONE,USER_TYPE,LOGIN_TYPE,PROVIDER_ID,PROFILE_IMAGE,STATUS,CREATED_AT,UPDATED_AT,NICKNAME) values (2,'홍길동','honggildong@example.com','hashed_password_12345','010-1111-2222','buyer','local',null,'/images/profiles/hong.png','active',to_timestamp('25/09/08 20:42:56.773000000','RR/MM/DD HH24:MI:SSXFF'),to_timestamp('25/09/08 20:42:56.773000000','RR/MM/DD HH24:MI:SSXFF'),'길동이');
Insert into GAGI.USERS (ID,USERNAME,EMAIL,PASSWORD,PHONE,USER_TYPE,LOGIN_TYPE,PROVIDER_ID,PROFILE_IMAGE,STATUS,CREATED_AT,UPDATED_AT,NICKNAME) values (4,'user1','aaa@bbb.com','$2a$10$9OSuGwOFI6gYeK3oJ1ZC8ePKgvrZM1kTJ9afLjdgXmujHJ8ACkVp.','010-2222-1235','buyer','local',null,null,'active',null,null,'apple');
Insert into GAGI.USERS (ID,USERNAME,EMAIL,PASSWORD,PHONE,USER_TYPE,LOGIN_TYPE,PROVIDER_ID,PROFILE_IMAGE,STATUS,CREATED_AT,UPDATED_AT,NICKNAME) values (8,'user4','ddd@ddd.com','4444','010-4444-4444','buyer','local',null,null,'active',null,null,'daisy');
Insert into GAGI.USERS (ID,USERNAME,EMAIL,PASSWORD,PHONE,USER_TYPE,LOGIN_TYPE,PROVIDER_ID,PROFILE_IMAGE,STATUS,CREATED_AT,UPDATED_AT,NICKNAME) values (6,'user2','bbb@ccc.com','2222','010-2222-2222','buyer','local',null,null,'active',null,null,'banana');
Insert into GAGI.USERS (ID,USERNAME,EMAIL,PASSWORD,PHONE,USER_TYPE,LOGIN_TYPE,PROVIDER_ID,PROFILE_IMAGE,STATUS,CREATED_AT,UPDATED_AT,NICKNAME) values (7,'user3','ccc@ddd.com','3333','010-3333-3333','buyer','local',null,null,'active',null,null,'candy');
Insert into GAGI.USERS (ID,USERNAME,EMAIL,PASSWORD,PHONE,USER_TYPE,LOGIN_TYPE,PROVIDER_ID,PROFILE_IMAGE,STATUS,CREATED_AT,UPDATED_AT,NICKNAME) values (9,'농seller','farmseller@gmail.com','1234','010-9999-7777','buyer','local',null,null,'active',null,null,'seller');
Insert into GAGI.USERS (ID,USERNAME,EMAIL,PASSWORD,PHONE,USER_TYPE,LOGIN_TYPE,PROVIDER_ID,PROFILE_IMAGE,STATUS,CREATED_AT,UPDATED_AT,NICKNAME) values (10,'수seller','fishseller@gmail.com','1234','010-1111-2135','buyer','local',null,null,'active',null,null,'수seller');
Insert into GAGI.USERS (ID,USERNAME,EMAIL,PASSWORD,PHONE,USER_TYPE,LOGIN_TYPE,PROVIDER_ID,PROFILE_IMAGE,STATUS,CREATED_AT,UPDATED_AT,NICKNAME) values (11,'이영준','user5@gmail.com','1234','010-1111-2137','buyer','local',null,null,'active',null,null,'user5');
Insert into GAGI.USERS (ID,USERNAME,EMAIL,PASSWORD,PHONE,USER_TYPE,LOGIN_TYPE,PROVIDER_ID,PROFILE_IMAGE,STATUS,CREATED_AT,UPDATED_AT,NICKNAME) values (12,'tes','tes@gmail.com','qwerqwer1','010-4451-5475','buyer','local',null,null,'active',null,null,'tes');
Insert into GAGI.USERS (ID,USERNAME,EMAIL,PASSWORD,PHONE,USER_TYPE,LOGIN_TYPE,PROVIDER_ID,PROFILE_IMAGE,STATUS,CREATED_AT,UPDATED_AT,NICKNAME) values (17,'사용자1','test1@test.com','$2a$10$IHNWdFZ3NCmPEJZaFPNiue4knDO6sWXfBCMoswpPPblr0hhUugRpC','010-0000-0001','buyer','local',null,null,'active',to_timestamp('25/10/21 13:42:41.577000000','RR/MM/DD HH24:MI:SSXFF'),to_timestamp('25/10/21 13:42:41.577000000','RR/MM/DD HH24:MI:SSXFF'),'tester1');
Insert into GAGI.USERS (ID,USERNAME,EMAIL,PASSWORD,PHONE,USER_TYPE,LOGIN_TYPE,PROVIDER_ID,PROFILE_IMAGE,STATUS,CREATED_AT,UPDATED_AT,NICKNAME) values (14,'유저','usertest@gmail.com','qwer1','010-4454-5172','buyer','local',null,null,'active',null,null,'유저');
Insert into GAGI.USERS (ID,USERNAME,EMAIL,PASSWORD,PHONE,USER_TYPE,LOGIN_TYPE,PROVIDER_ID,PROFILE_IMAGE,STATUS,CREATED_AT,UPDATED_AT,NICKNAME) values (16,'인코드','encode@gmail.com','$2a$10$c1vRD4eFTCa/nxcx8dgEWu9D9cLX46gcQfbazMhi6oFovof2TDEgK','010-1111-2134','buyer','local',null,null,'active',null,null,'인코드');
Insert into GAGI.USERS (ID,USERNAME,EMAIL,PASSWORD,PHONE,USER_TYPE,LOGIN_TYPE,PROVIDER_ID,PROFILE_IMAGE,STATUS,CREATED_AT,UPDATED_AT,NICKNAME) values (18,'사용자2','test2@test.com','$2a$10$GjbCg8VRzgnUDxooluy0a.B47AnUE64M6CLwjnZGgSSaeDyPD7wyW','010-0000-0002','buyer','local',null,null,'active',to_timestamp('25/10/21 13:45:45.539000000','RR/MM/DD HH24:MI:SSXFF'),to_timestamp('25/10/21 13:45:45.539000000','RR/MM/DD HH24:MI:SSXFF'),'tester2');
--------------------------------------------------------
--  DDL for Index PK_ORDERS_NEW
--------------------------------------------------------

  CREATE UNIQUE INDEX "GAGI"."PK_ORDERS_NEW" ON "GAGI"."ORDERS" ("ID") 
  PCTFREE 10 INITRANS 2 MAXTRANS 255 COMPUTE STATISTICS 
  STORAGE(INITIAL 65536 NEXT 1048576 MINEXTENTS 1 MAXEXTENTS 2147483645
  PCTINCREASE 0 FREELISTS 1 FREELIST GROUPS 1 BUFFER_POOL DEFAULT FLASH_CACHE DEFAULT CELL_FLASH_CACHE DEFAULT)
  TABLESPACE "SYSTEM"
--------------------------------------------------------
--  DDL for Index UK_USERS_USERNAME
--------------------------------------------------------

  CREATE UNIQUE INDEX "GAGI"."UK_USERS_USERNAME" ON "GAGI"."USERS" ("USERNAME") 
  PCTFREE 10 INITRANS 2 MAXTRANS 255 COMPUTE STATISTICS 
  STORAGE(INITIAL 65536 NEXT 1048576 MINEXTENTS 1 MAXEXTENTS 2147483645
  PCTINCREASE 0 FREELISTS 1 FREELIST GROUPS 1 BUFFER_POOL DEFAULT FLASH_CACHE DEFAULT CELL_FLASH_CACHE DEFAULT)
  TABLESPACE "SYSTEM"
--------------------------------------------------------
--  DDL for Index UK_USERS_EMAIL
--------------------------------------------------------

  CREATE UNIQUE INDEX "GAGI"."UK_USERS_EMAIL" ON "GAGI"."USERS" ("EMAIL") 
  PCTFREE 10 INITRANS 2 MAXTRANS 255 COMPUTE STATISTICS 
  STORAGE(INITIAL 65536 NEXT 1048576 MINEXTENTS 1 MAXEXTENTS 2147483645
  PCTINCREASE 0 FREELISTS 1 FREELIST GROUPS 1 BUFFER_POOL DEFAULT FLASH_CACHE DEFAULT CELL_FLASH_CACHE DEFAULT)
  TABLESPACE "SYSTEM"
--------------------------------------------------------
--  DDL for Index ADDRESS_PK
--------------------------------------------------------

  CREATE UNIQUE INDEX "GAGI"."ADDRESS_PK" ON "GAGI"."ADDRESS" ("ADDRESS_ID") 
  PCTFREE 10 INITRANS 2 MAXTRANS 255 COMPUTE STATISTICS 
  STORAGE(INITIAL 65536 NEXT 1048576 MINEXTENTS 1 MAXEXTENTS 2147483645
  PCTINCREASE 0 FREELISTS 1 FREELIST GROUPS 1 BUFFER_POOL DEFAULT FLASH_CACHE DEFAULT CELL_FLASH_CACHE DEFAULT)
  TABLESPACE "SYSTEM"
--------------------------------------------------------
--  DDL for Index UK_CART_USER_ITEM
--------------------------------------------------------

  CREATE UNIQUE INDEX "GAGI"."UK_CART_USER_ITEM" ON "GAGI"."MYCART" ("USER_ID", "ITEM_ID") 
  PCTFREE 10 INITRANS 2 MAXTRANS 255 COMPUTE STATISTICS 
  STORAGE(INITIAL 65536 NEXT 1048576 MINEXTENTS 1 MAXEXTENTS 2147483645
  PCTINCREASE 0 FREELISTS 1 FREELIST GROUPS 1 BUFFER_POOL DEFAULT FLASH_CACHE DEFAULT CELL_FLASH_CACHE DEFAULT)
  TABLESPACE "SYSTEM"
--------------------------------------------------------
--  DDL for Index UK_USERS_PHONE
--------------------------------------------------------

  CREATE UNIQUE INDEX "GAGI"."UK_USERS_PHONE" ON "GAGI"."USERS" ("PHONE") 
  PCTFREE 10 INITRANS 2 MAXTRANS 255 COMPUTE STATISTICS 
  STORAGE(INITIAL 65536 NEXT 1048576 MINEXTENTS 1 MAXEXTENTS 2147483645
  PCTINCREASE 0 FREELISTS 1 FREELIST GROUPS 1 BUFFER_POOL DEFAULT FLASH_CACHE DEFAULT CELL_FLASH_CACHE DEFAULT)
  TABLESPACE "SYSTEM"
--------------------------------------------------------
--  DDL for Index UK_USERS_PROVIDER
--------------------------------------------------------

  CREATE UNIQUE INDEX "GAGI"."UK_USERS_PROVIDER" ON "GAGI"."USERS" ("PROVIDER_ID") 
  PCTFREE 10 INITRANS 2 MAXTRANS 255 COMPUTE STATISTICS 
  STORAGE(INITIAL 65536 NEXT 1048576 MINEXTENTS 1 MAXEXTENTS 2147483645
  PCTINCREASE 0 FREELISTS 1 FREELIST GROUPS 1 BUFFER_POOL DEFAULT FLASH_CACHE DEFAULT CELL_FLASH_CACHE DEFAULT)
  TABLESPACE "SYSTEM"
--------------------------------------------------------
--  DDL for Trigger MYCART_TRG
--------------------------------------------------------

  CREATE OR REPLACE TRIGGER "GAGI"."MYCART_TRG" 
BEFORE INSERT ON MYCART
FOR EACH ROW
BEGIN
    :NEW.ID := MYCART_SEQ.NEXTVAL;
END;

ALTER TRIGGER "GAGI"."MYCART_TRG" ENABLE
--------------------------------------------------------
--  Constraints for Table REPLIES
--------------------------------------------------------

  ALTER TABLE "GAGI"."REPLIES" ADD PRIMARY KEY ("REPLY_ID")
  USING INDEX PCTFREE 10 INITRANS 2 MAXTRANS 255 COMPUTE STATISTICS 
  STORAGE(INITIAL 65536 NEXT 1048576 MINEXTENTS 1 MAXEXTENTS 2147483645
  PCTINCREASE 0 FREELISTS 1 FREELIST GROUPS 1 BUFFER_POOL DEFAULT FLASH_CACHE DEFAULT CELL_FLASH_CACHE DEFAULT)
  TABLESPACE "SYSTEM"  ENABLE
  ALTER TABLE "GAGI"."REPLIES" MODIFY ("CREATED_AT" NOT NULL ENABLE)
  ALTER TABLE "GAGI"."REPLIES" MODIFY ("CONTENT" NOT NULL ENABLE)
  ALTER TABLE "GAGI"."REPLIES" MODIFY ("USER_ID" NOT NULL ENABLE)
  ALTER TABLE "GAGI"."REPLIES" MODIFY ("POST_ID" NOT NULL ENABLE)
  ALTER TABLE "GAGI"."REPLIES" MODIFY ("BOARD_TYPE" NOT NULL ENABLE)
--------------------------------------------------------
--  Constraints for Table ITEM_IMAGES
--------------------------------------------------------

  ALTER TABLE "GAGI"."ITEM_IMAGES" MODIFY ("FILENAME" NOT NULL ENABLE)
  ALTER TABLE "GAGI"."ITEM_IMAGES" ADD PRIMARY KEY ("ID")
  USING INDEX PCTFREE 10 INITRANS 2 MAXTRANS 255 COMPUTE STATISTICS 
  STORAGE(INITIAL 65536 NEXT 1048576 MINEXTENTS 1 MAXEXTENTS 2147483645
  PCTINCREASE 0 FREELISTS 1 FREELIST GROUPS 1 BUFFER_POOL DEFAULT FLASH_CACHE DEFAULT CELL_FLASH_CACHE DEFAULT)
  TABLESPACE "SYSTEM"  ENABLE
  ALTER TABLE "GAGI"."ITEM_IMAGES" MODIFY ("ITEM_ID" NOT NULL ENABLE)
--------------------------------------------------------
--  Constraints for Table REVIEWS
--------------------------------------------------------

  ALTER TABLE "GAGI"."REVIEWS" ADD UNIQUE ("ORDER_ITEM_ID")
  USING INDEX PCTFREE 10 INITRANS 2 MAXTRANS 255 COMPUTE STATISTICS 
  STORAGE(INITIAL 65536 NEXT 1048576 MINEXTENTS 1 MAXEXTENTS 2147483645
  PCTINCREASE 0 FREELISTS 1 FREELIST GROUPS 1 BUFFER_POOL DEFAULT FLASH_CACHE DEFAULT CELL_FLASH_CACHE DEFAULT)
  TABLESPACE "SYSTEM"  ENABLE
  ALTER TABLE "GAGI"."REVIEWS" ADD PRIMARY KEY ("ID")
  USING INDEX PCTFREE 10 INITRANS 2 MAXTRANS 255 COMPUTE STATISTICS 
  STORAGE(INITIAL 65536 NEXT 1048576 MINEXTENTS 1 MAXEXTENTS 2147483645
  PCTINCREASE 0 FREELISTS 1 FREELIST GROUPS 1 BUFFER_POOL DEFAULT FLASH_CACHE DEFAULT CELL_FLASH_CACHE DEFAULT)
  TABLESPACE "SYSTEM"  ENABLE
  ALTER TABLE "GAGI"."REVIEWS" MODIFY ("RATING_NUMBER" NOT NULL ENABLE)
  ALTER TABLE "GAGI"."REVIEWS" MODIFY ("TARGET_ID" NOT NULL ENABLE)
  ALTER TABLE "GAGI"."REVIEWS" MODIFY ("REVIEWER_ID" NOT NULL ENABLE)
  ALTER TABLE "GAGI"."REVIEWS" MODIFY ("ORDER_ITEM_ID" NOT NULL ENABLE)
--------------------------------------------------------
--  Constraints for Table ACCOUNT_TRANSFERS
--------------------------------------------------------

  ALTER TABLE "GAGI"."ACCOUNT_TRANSFERS" ADD UNIQUE ("ORDER_ID")
  USING INDEX PCTFREE 10 INITRANS 2 MAXTRANS 255 COMPUTE STATISTICS 
  STORAGE(INITIAL 65536 NEXT 1048576 MINEXTENTS 1 MAXEXTENTS 2147483645
  PCTINCREASE 0 FREELISTS 1 FREELIST GROUPS 1 BUFFER_POOL DEFAULT FLASH_CACHE DEFAULT CELL_FLASH_CACHE DEFAULT)
  TABLESPACE "SYSTEM"  ENABLE
  ALTER TABLE "GAGI"."ACCOUNT_TRANSFERS" ADD PRIMARY KEY ("ID")
  USING INDEX PCTFREE 10 INITRANS 2 MAXTRANS 255 COMPUTE STATISTICS 
  STORAGE(INITIAL 65536 NEXT 1048576 MINEXTENTS 1 MAXEXTENTS 2147483645
  PCTINCREASE 0 FREELISTS 1 FREELIST GROUPS 1 BUFFER_POOL DEFAULT FLASH_CACHE DEFAULT CELL_FLASH_CACHE DEFAULT)
  TABLESPACE "SYSTEM"  ENABLE
  ALTER TABLE "GAGI"."ACCOUNT_TRANSFERS" MODIFY ("STATUS" NOT NULL ENABLE)
  ALTER TABLE "GAGI"."ACCOUNT_TRANSFERS" MODIFY ("SELLER_ACCOUNT_NAME" NOT NULL ENABLE)
  ALTER TABLE "GAGI"."ACCOUNT_TRANSFERS" MODIFY ("SELLER_ACCOUNT" NOT NULL ENABLE)
  ALTER TABLE "GAGI"."ACCOUNT_TRANSFERS" MODIFY ("SELLER_BANK" NOT NULL ENABLE)
  ALTER TABLE "GAGI"."ACCOUNT_TRANSFERS" MODIFY ("DEPOSIT_DATE" NOT NULL ENABLE)
  ALTER TABLE "GAGI"."ACCOUNT_TRANSFERS" MODIFY ("DEPOSITOR_NAME" NOT NULL ENABLE)
  ALTER TABLE "GAGI"."ACCOUNT_TRANSFERS" MODIFY ("AMOUNT" NOT NULL ENABLE)
  ALTER TABLE "GAGI"."ACCOUNT_TRANSFERS" MODIFY ("SELLER_ID" NOT NULL ENABLE)
  ALTER TABLE "GAGI"."ACCOUNT_TRANSFERS" MODIFY ("BUYER_ID" NOT NULL ENABLE)
  ALTER TABLE "GAGI"."ACCOUNT_TRANSFERS" MODIFY ("ORDER_ID" NOT NULL ENABLE)
--------------------------------------------------------
--  Constraints for Table MYCART
--------------------------------------------------------

  ALTER TABLE "GAGI"."MYCART" ADD CONSTRAINT "UK_CART_USER_ITEM" UNIQUE ("USER_ID", "ITEM_ID")
  USING INDEX PCTFREE 10 INITRANS 2 MAXTRANS 255 COMPUTE STATISTICS 
  STORAGE(INITIAL 65536 NEXT 1048576 MINEXTENTS 1 MAXEXTENTS 2147483645
  PCTINCREASE 0 FREELISTS 1 FREELIST GROUPS 1 BUFFER_POOL DEFAULT FLASH_CACHE DEFAULT CELL_FLASH_CACHE DEFAULT)
  TABLESPACE "SYSTEM"  ENABLE
  ALTER TABLE "GAGI"."MYCART" ADD PRIMARY KEY ("ID")
  USING INDEX PCTFREE 10 INITRANS 2 MAXTRANS 255 COMPUTE STATISTICS 
  STORAGE(INITIAL 65536 NEXT 1048576 MINEXTENTS 1 MAXEXTENTS 2147483645
  PCTINCREASE 0 FREELISTS 1 FREELIST GROUPS 1 BUFFER_POOL DEFAULT FLASH_CACHE DEFAULT CELL_FLASH_CACHE DEFAULT)
  TABLESPACE "SYSTEM"  ENABLE
  ALTER TABLE "GAGI"."MYCART" MODIFY ("QUANTITY" NOT NULL ENABLE)
  ALTER TABLE "GAGI"."MYCART" MODIFY ("ITEM_ID" NOT NULL ENABLE)
  ALTER TABLE "GAGI"."MYCART" MODIFY ("USER_ID" NOT NULL ENABLE)
--------------------------------------------------------
--  Constraints for Table ORDERS
--------------------------------------------------------

  ALTER TABLE "GAGI"."ORDERS" ADD CONSTRAINT "PK_ORDERS_NEW" PRIMARY KEY ("ID")
  USING INDEX PCTFREE 10 INITRANS 2 MAXTRANS 255 COMPUTE STATISTICS 
  STORAGE(INITIAL 65536 NEXT 1048576 MINEXTENTS 1 MAXEXTENTS 2147483645
  PCTINCREASE 0 FREELISTS 1 FREELIST GROUPS 1 BUFFER_POOL DEFAULT FLASH_CACHE DEFAULT CELL_FLASH_CACHE DEFAULT)
  TABLESPACE "SYSTEM"  ENABLE
  ALTER TABLE "GAGI"."ORDERS" MODIFY ("TRANSACTION_TYPE" NOT NULL ENABLE)
  ALTER TABLE "GAGI"."ORDERS" MODIFY ("TOTAL_PRICE" NOT NULL ENABLE)
  ALTER TABLE "GAGI"."ORDERS" MODIFY ("USER_ID" NOT NULL ENABLE)
  ALTER TABLE "GAGI"."ORDERS" MODIFY ("ID" NOT NULL ENABLE)
--------------------------------------------------------
--  Constraints for Table NOTICES
--------------------------------------------------------

  ALTER TABLE "GAGI"."NOTICES" ADD PRIMARY KEY ("ID")
  USING INDEX PCTFREE 10 INITRANS 2 MAXTRANS 255 COMPUTE STATISTICS 
  STORAGE(INITIAL 65536 NEXT 1048576 MINEXTENTS 1 MAXEXTENTS 2147483645
  PCTINCREASE 0 FREELISTS 1 FREELIST GROUPS 1 BUFFER_POOL DEFAULT FLASH_CACHE DEFAULT CELL_FLASH_CACHE DEFAULT)
  TABLESPACE "SYSTEM"  ENABLE
  ALTER TABLE "GAGI"."NOTICES" MODIFY ("CONTENT" NOT NULL ENABLE)
  ALTER TABLE "GAGI"."NOTICES" MODIFY ("TITLE" NOT NULL ENABLE)
--------------------------------------------------------
--  Constraints for Table CHAT_ROOMS
--------------------------------------------------------

  ALTER TABLE "GAGI"."CHAT_ROOMS" ADD PRIMARY KEY ("ID")
  USING INDEX PCTFREE 10 INITRANS 2 MAXTRANS 255 COMPUTE STATISTICS 
  STORAGE(INITIAL 65536 NEXT 1048576 MINEXTENTS 1 MAXEXTENTS 2147483645
  PCTINCREASE 0 FREELISTS 1 FREELIST GROUPS 1 BUFFER_POOL DEFAULT FLASH_CACHE DEFAULT CELL_FLASH_CACHE DEFAULT)
  TABLESPACE "SYSTEM"  ENABLE
--------------------------------------------------------
--  Constraints for Table USERS
--------------------------------------------------------

  ALTER TABLE "GAGI"."USERS" ADD CONSTRAINT "UK_USERS_PROVIDER" UNIQUE ("PROVIDER_ID")
  USING INDEX PCTFREE 10 INITRANS 2 MAXTRANS 255 COMPUTE STATISTICS 
  STORAGE(INITIAL 65536 NEXT 1048576 MINEXTENTS 1 MAXEXTENTS 2147483645
  PCTINCREASE 0 FREELISTS 1 FREELIST GROUPS 1 BUFFER_POOL DEFAULT FLASH_CACHE DEFAULT CELL_FLASH_CACHE DEFAULT)
  TABLESPACE "SYSTEM"  ENABLE
  ALTER TABLE "GAGI"."USERS" ADD CONSTRAINT "UK_USERS_PHONE" UNIQUE ("PHONE")
  USING INDEX PCTFREE 10 INITRANS 2 MAXTRANS 255 COMPUTE STATISTICS 
  STORAGE(INITIAL 65536 NEXT 1048576 MINEXTENTS 1 MAXEXTENTS 2147483645
  PCTINCREASE 0 FREELISTS 1 FREELIST GROUPS 1 BUFFER_POOL DEFAULT FLASH_CACHE DEFAULT CELL_FLASH_CACHE DEFAULT)
  TABLESPACE "SYSTEM"  ENABLE
  ALTER TABLE "GAGI"."USERS" ADD CONSTRAINT "UK_USERS_EMAIL" UNIQUE ("EMAIL")
  USING INDEX PCTFREE 10 INITRANS 2 MAXTRANS 255 COMPUTE STATISTICS 
  STORAGE(INITIAL 65536 NEXT 1048576 MINEXTENTS 1 MAXEXTENTS 2147483645
  PCTINCREASE 0 FREELISTS 1 FREELIST GROUPS 1 BUFFER_POOL DEFAULT FLASH_CACHE DEFAULT CELL_FLASH_CACHE DEFAULT)
  TABLESPACE "SYSTEM"  ENABLE
  ALTER TABLE "GAGI"."USERS" ADD CONSTRAINT "UK_USERS_USERNAME" UNIQUE ("USERNAME")
  USING INDEX PCTFREE 10 INITRANS 2 MAXTRANS 255 COMPUTE STATISTICS 
  STORAGE(INITIAL 65536 NEXT 1048576 MINEXTENTS 1 MAXEXTENTS 2147483645
  PCTINCREASE 0 FREELISTS 1 FREELIST GROUPS 1 BUFFER_POOL DEFAULT FLASH_CACHE DEFAULT CELL_FLASH_CACHE DEFAULT)
  TABLESPACE "SYSTEM"  ENABLE
  ALTER TABLE "GAGI"."USERS" ADD PRIMARY KEY ("ID")
  USING INDEX PCTFREE 10 INITRANS 2 MAXTRANS 255 COMPUTE STATISTICS 
  STORAGE(INITIAL 65536 NEXT 1048576 MINEXTENTS 1 MAXEXTENTS 2147483645
  PCTINCREASE 0 FREELISTS 1 FREELIST GROUPS 1 BUFFER_POOL DEFAULT FLASH_CACHE DEFAULT CELL_FLASH_CACHE DEFAULT)
  TABLESPACE "SYSTEM"  ENABLE
  ALTER TABLE "GAGI"."USERS" MODIFY ("LOGIN_TYPE" NOT NULL ENABLE)
  ALTER TABLE "GAGI"."USERS" MODIFY ("USER_TYPE" NOT NULL ENABLE)
  ALTER TABLE "GAGI"."USERS" MODIFY ("EMAIL" NOT NULL ENABLE)
  ALTER TABLE "GAGI"."USERS" MODIFY ("USERNAME" NOT NULL ENABLE)
--------------------------------------------------------
--  Constraints for Table REPORTS
--------------------------------------------------------

  ALTER TABLE "GAGI"."REPORTS" MODIFY ("STATUS" NOT NULL ENABLE)
  ALTER TABLE "GAGI"."REPORTS" MODIFY ("DEFECT_TYPE" NOT NULL ENABLE)
  ALTER TABLE "GAGI"."REPORTS" MODIFY ("USER_ID" NOT NULL ENABLE)
  ALTER TABLE "GAGI"."REPORTS" MODIFY ("ORDER_ITEM_ID" NOT NULL ENABLE)
  ALTER TABLE "GAGI"."REPORTS" MODIFY ("DEFECT_ID" NOT NULL ENABLE)
--------------------------------------------------------
--  Constraints for Table ITEMS
--------------------------------------------------------

  ALTER TABLE "GAGI"."ITEMS" ADD CONSTRAINT "PK_ITEMS_ID" PRIMARY KEY ("ID")
  USING INDEX PCTFREE 10 INITRANS 2 MAXTRANS 255 COMPUTE STATISTICS 
  STORAGE(INITIAL 65536 NEXT 1048576 MINEXTENTS 1 MAXEXTENTS 2147483645
  PCTINCREASE 0 FREELISTS 1 FREELIST GROUPS 1 BUFFER_POOL DEFAULT FLASH_CACHE DEFAULT CELL_FLASH_CACHE DEFAULT)
  TABLESPACE "SYSTEM"  ENABLE
  ALTER TABLE "GAGI"."ITEMS" MODIFY ("SALES_STATUS" NOT NULL ENABLE)
  ALTER TABLE "GAGI"."ITEMS" MODIFY ("AMOUNT" NOT NULL ENABLE)
  ALTER TABLE "GAGI"."ITEMS" MODIFY ("PRICE" NOT NULL ENABLE)
  ALTER TABLE "GAGI"."ITEMS" MODIFY ("TITLE" NOT NULL ENABLE)
  ALTER TABLE "GAGI"."ITEMS" MODIFY ("USER_ID" NOT NULL ENABLE)
  ALTER TABLE "GAGI"."ITEMS" MODIFY ("IS_DELETE" NOT NULL ENABLE)
--------------------------------------------------------
--  Constraints for Table CATEGORIES
--------------------------------------------------------

  ALTER TABLE "GAGI"."CATEGORIES" ADD UNIQUE ("NAME")
  USING INDEX PCTFREE 10 INITRANS 2 MAXTRANS 255 COMPUTE STATISTICS 
  STORAGE(INITIAL 65536 NEXT 1048576 MINEXTENTS 1 MAXEXTENTS 2147483645
  PCTINCREASE 0 FREELISTS 1 FREELIST GROUPS 1 BUFFER_POOL DEFAULT FLASH_CACHE DEFAULT CELL_FLASH_CACHE DEFAULT)
  TABLESPACE "SYSTEM"  ENABLE
  ALTER TABLE "GAGI"."CATEGORIES" ADD PRIMARY KEY ("CATEGORY_ID")
  USING INDEX PCTFREE 10 INITRANS 2 MAXTRANS 255 COMPUTE STATISTICS 
  STORAGE(INITIAL 65536 NEXT 1048576 MINEXTENTS 1 MAXEXTENTS 2147483645
  PCTINCREASE 0 FREELISTS 1 FREELIST GROUPS 1 BUFFER_POOL DEFAULT FLASH_CACHE DEFAULT CELL_FLASH_CACHE DEFAULT)
  TABLESPACE "SYSTEM"  ENABLE
  ALTER TABLE "GAGI"."CATEGORIES" MODIFY ("NAME" NOT NULL ENABLE)
--------------------------------------------------------
--  Constraints for Table INQUIRIES
--------------------------------------------------------

  ALTER TABLE "GAGI"."INQUIRIES" ADD PRIMARY KEY ("ID")
  USING INDEX PCTFREE 10 INITRANS 2 MAXTRANS 255 COMPUTE STATISTICS 
  STORAGE(INITIAL 65536 NEXT 1048576 MINEXTENTS 1 MAXEXTENTS 2147483645
  PCTINCREASE 0 FREELISTS 1 FREELIST GROUPS 1 BUFFER_POOL DEFAULT FLASH_CACHE DEFAULT CELL_FLASH_CACHE DEFAULT)
  TABLESPACE "SYSTEM"  ENABLE
  ALTER TABLE "GAGI"."INQUIRIES" MODIFY ("STATUS" NOT NULL ENABLE)
  ALTER TABLE "GAGI"."INQUIRIES" MODIFY ("MESSAGE" NOT NULL ENABLE)
  ALTER TABLE "GAGI"."INQUIRIES" MODIFY ("SUBJECT" NOT NULL ENABLE)
  ALTER TABLE "GAGI"."INQUIRIES" MODIFY ("USER_ID" NOT NULL ENABLE)
--------------------------------------------------------
--  Constraints for Table CHAT_MESSAGES
--------------------------------------------------------

  ALTER TABLE "GAGI"."CHAT_MESSAGES" ADD PRIMARY KEY ("ID")
  USING INDEX PCTFREE 10 INITRANS 2 MAXTRANS 255 COMPUTE STATISTICS 
  STORAGE(INITIAL 65536 NEXT 1048576 MINEXTENTS 1 MAXEXTENTS 2147483645
  PCTINCREASE 0 FREELISTS 1 FREELIST GROUPS 1 BUFFER_POOL DEFAULT FLASH_CACHE DEFAULT CELL_FLASH_CACHE DEFAULT)
  TABLESPACE "SYSTEM"  ENABLE
  ALTER TABLE "GAGI"."CHAT_MESSAGES" MODIFY ("MESSAGE" NOT NULL ENABLE)
  ALTER TABLE "GAGI"."CHAT_MESSAGES" MODIFY ("SENDER_ID" NOT NULL ENABLE)
  ALTER TABLE "GAGI"."CHAT_MESSAGES" MODIFY ("ROOM_ID" NOT NULL ENABLE)
--------------------------------------------------------
--  Constraints for Table ADDRESS
--------------------------------------------------------

  ALTER TABLE "GAGI"."ADDRESS" MODIFY ("PHONE" NOT NULL ENABLE)
  ALTER TABLE "GAGI"."ADDRESS" MODIFY ("DELEVERY_NAME" NOT NULL ENABLE)
  ALTER TABLE "GAGI"."ADDRESS" MODIFY ("ADDRESS" NOT NULL ENABLE)
  ALTER TABLE "GAGI"."ADDRESS" ADD CONSTRAINT "ADDRESS_PK" PRIMARY KEY ("ADDRESS_ID")
  USING INDEX PCTFREE 10 INITRANS 2 MAXTRANS 255 COMPUTE STATISTICS 
  STORAGE(INITIAL 65536 NEXT 1048576 MINEXTENTS 1 MAXEXTENTS 2147483645
  PCTINCREASE 0 FREELISTS 1 FREELIST GROUPS 1 BUFFER_POOL DEFAULT FLASH_CACHE DEFAULT CELL_FLASH_CACHE DEFAULT)
  TABLESPACE "SYSTEM"  ENABLE
  ALTER TABLE "GAGI"."ADDRESS" MODIFY ("ZIP_CODE" NOT NULL ENABLE)
  ALTER TABLE "GAGI"."ADDRESS" MODIFY ("ADDRESS_ID" NOT NULL ENABLE)
--------------------------------------------------------
--  Constraints for Table CHAT_PARTICIPANTS
--------------------------------------------------------

  ALTER TABLE "GAGI"."CHAT_PARTICIPANTS" ADD PRIMARY KEY ("ID")
  USING INDEX PCTFREE 10 INITRANS 2 MAXTRANS 255 COMPUTE STATISTICS 
  STORAGE(INITIAL 65536 NEXT 1048576 MINEXTENTS 1 MAXEXTENTS 2147483645
  PCTINCREASE 0 FREELISTS 1 FREELIST GROUPS 1 BUFFER_POOL DEFAULT FLASH_CACHE DEFAULT CELL_FLASH_CACHE DEFAULT)
  TABLESPACE "SYSTEM"  ENABLE
  ALTER TABLE "GAGI"."CHAT_PARTICIPANTS" MODIFY ("USER_ID" NOT NULL ENABLE)
  ALTER TABLE "GAGI"."CHAT_PARTICIPANTS" MODIFY ("ROOM_ID" NOT NULL ENABLE)
--------------------------------------------------------
--  Constraints for Table SELECTLIST
--------------------------------------------------------

  ALTER TABLE "GAGI"."SELECTLIST" ADD PRIMARY KEY ("ID")
  USING INDEX PCTFREE 10 INITRANS 2 MAXTRANS 255 COMPUTE STATISTICS 
  STORAGE(INITIAL 65536 NEXT 1048576 MINEXTENTS 1 MAXEXTENTS 2147483645
  PCTINCREASE 0 FREELISTS 1 FREELIST GROUPS 1 BUFFER_POOL DEFAULT FLASH_CACHE DEFAULT CELL_FLASH_CACHE DEFAULT)
  TABLESPACE "SYSTEM"  ENABLE
  ALTER TABLE "GAGI"."SELECTLIST" MODIFY ("ITEM_ID" NOT NULL ENABLE)
  ALTER TABLE "GAGI"."SELECTLIST" MODIFY ("USER_ID" NOT NULL ENABLE)
  ALTER TABLE "GAGI"."SELECTLIST" MODIFY ("TYPE" NOT NULL ENABLE)
--------------------------------------------------------
--  Ref Constraints for Table ACCOUNT_TRANSFERS
--------------------------------------------------------

  ALTER TABLE "GAGI"."ACCOUNT_TRANSFERS" ADD CONSTRAINT "FK_AT_BUYER" FOREIGN KEY ("BUYER_ID")
	  REFERENCES "GAGI"."USERS" ("ID") ENABLE
  ALTER TABLE "GAGI"."ACCOUNT_TRANSFERS" ADD CONSTRAINT "FK_AT_CONFIRMER" FOREIGN KEY ("CONFIRMED_BY")
	  REFERENCES "GAGI"."USERS" ("ID") ENABLE
  ALTER TABLE "GAGI"."ACCOUNT_TRANSFERS" ADD CONSTRAINT "FK_AT_SELLER" FOREIGN KEY ("SELLER_ID")
	  REFERENCES "GAGI"."USERS" ("ID") ENABLE
--------------------------------------------------------
--  Ref Constraints for Table ADDRESS
--------------------------------------------------------

  ALTER TABLE "GAGI"."ADDRESS" ADD CONSTRAINT "ADDRESS_ID" FOREIGN KEY ("USER_ID")
	  REFERENCES "GAGI"."USERS" ("ID") ENABLE
--------------------------------------------------------
--  Ref Constraints for Table CHAT_MESSAGES
--------------------------------------------------------

  ALTER TABLE "GAGI"."CHAT_MESSAGES" ADD CONSTRAINT "FK_CM_ROOM" FOREIGN KEY ("ROOM_ID")
	  REFERENCES "GAGI"."CHAT_ROOMS" ("ID") ENABLE
  ALTER TABLE "GAGI"."CHAT_MESSAGES" ADD CONSTRAINT "FK_CM_SENDER" FOREIGN KEY ("SENDER_ID")
	  REFERENCES "GAGI"."USERS" ("ID") ENABLE
--------------------------------------------------------
--  Ref Constraints for Table CHAT_PARTICIPANTS
--------------------------------------------------------

  ALTER TABLE "GAGI"."CHAT_PARTICIPANTS" ADD CONSTRAINT "FK_CP_ROOM" FOREIGN KEY ("ROOM_ID")
	  REFERENCES "GAGI"."CHAT_ROOMS" ("ID") ENABLE
  ALTER TABLE "GAGI"."CHAT_PARTICIPANTS" ADD CONSTRAINT "FK_CP_USER" FOREIGN KEY ("USER_ID")
	  REFERENCES "GAGI"."USERS" ("ID") ENABLE
--------------------------------------------------------
--  Ref Constraints for Table CHAT_ROOMS
--------------------------------------------------------

  ALTER TABLE "GAGI"."CHAT_ROOMS" ADD CONSTRAINT "FK_CR_ITEM" FOREIGN KEY ("ITEM_ID")
	  REFERENCES "GAGI"."ITEMS" ("ID") ON DELETE CASCADE ENABLE
  ALTER TABLE "GAGI"."CHAT_ROOMS" ADD CONSTRAINT "FK_CR_USER" FOREIGN KEY ("CREATOR_USER_ID")
	  REFERENCES "GAGI"."USERS" ("ID") ENABLE
--------------------------------------------------------
--  Ref Constraints for Table INQUIRIES
--------------------------------------------------------

  ALTER TABLE "GAGI"."INQUIRIES" ADD CONSTRAINT "FK_INQ_RESP" FOREIGN KEY ("RESPONDER_ID")
	  REFERENCES "GAGI"."USERS" ("ID") ENABLE
  ALTER TABLE "GAGI"."INQUIRIES" ADD CONSTRAINT "FK_INQ_USER" FOREIGN KEY ("USER_ID")
	  REFERENCES "GAGI"."USERS" ("ID") ENABLE
--------------------------------------------------------
--  Ref Constraints for Table ITEMS
--------------------------------------------------------

  ALTER TABLE "GAGI"."ITEMS" ADD CONSTRAINT "FK_ITEMS_CATEGORY_ID" FOREIGN KEY ("CATEGORY_ID")
	  REFERENCES "GAGI"."CATEGORIES" ("CATEGORY_ID") ENABLE
  ALTER TABLE "GAGI"."ITEMS" ADD CONSTRAINT "FK_ITEMS_USER" FOREIGN KEY ("USER_ID")
	  REFERENCES "GAGI"."USERS" ("ID") ENABLE
--------------------------------------------------------
--  Ref Constraints for Table ITEM_IMAGES
--------------------------------------------------------

  ALTER TABLE "GAGI"."ITEM_IMAGES" ADD CONSTRAINT "FK_ITEM_IMG" FOREIGN KEY ("ITEM_ID")
	  REFERENCES "GAGI"."ITEMS" ("ID") ON DELETE CASCADE ENABLE
--------------------------------------------------------
--  Ref Constraints for Table MYCART
--------------------------------------------------------

  ALTER TABLE "GAGI"."MYCART" ADD CONSTRAINT "FK_CART_ITEM" FOREIGN KEY ("ITEM_ID")
	  REFERENCES "GAGI"."ITEMS" ("ID") ON DELETE CASCADE ENABLE
  ALTER TABLE "GAGI"."MYCART" ADD CONSTRAINT "FK_CART_USER" FOREIGN KEY ("USER_ID")
	  REFERENCES "GAGI"."USERS" ("ID") ENABLE
--------------------------------------------------------
--  Ref Constraints for Table ORDERS
--------------------------------------------------------

  ALTER TABLE "GAGI"."ORDERS" ADD CONSTRAINT "FK_ITEM_ORDER" FOREIGN KEY ("ITEM_ID")
	  REFERENCES "GAGI"."ITEMS" ("ID") ON DELETE CASCADE ENABLE
--------------------------------------------------------
--  Ref Constraints for Table REPLIES
--------------------------------------------------------

  ALTER TABLE "GAGI"."REPLIES" ADD CONSTRAINT "FK_REPLIES_USER" FOREIGN KEY ("USER_ID")
	  REFERENCES "GAGI"."USERS" ("ID") ENABLE
--------------------------------------------------------
--  Ref Constraints for Table REVIEWS
--------------------------------------------------------

  ALTER TABLE "GAGI"."REVIEWS" ADD CONSTRAINT "FK_REV_REVIEWER" FOREIGN KEY ("REVIEWER_ID")
	  REFERENCES "GAGI"."USERS" ("ID") ENABLE
  ALTER TABLE "GAGI"."REVIEWS" ADD CONSTRAINT "FK_REV_TARGET" FOREIGN KEY ("TARGET_ID")
	  REFERENCES "GAGI"."USERS" ("ID") ENABLE
--------------------------------------------------------
--  Ref Constraints for Table SELECTLIST
--------------------------------------------------------

  ALTER TABLE "GAGI"."SELECTLIST" ADD CONSTRAINT "FK_SL_ITEM" FOREIGN KEY ("ITEM_ID")
	  REFERENCES "GAGI"."ITEMS" ("ID") ON DELETE CASCADE ENABLE
  ALTER TABLE "GAGI"."SELECTLIST" ADD CONSTRAINT "FK_SL_USER" FOREIGN KEY ("USER_ID")
	  REFERENCES "GAGI"."USERS" ("ID") ENABLE
